"","Id","TotalSteps","TotalDistance","VeryActiveDistance","ModeratelyActiveDistance","LightActiveDistance","SedentaryActiveDistance","VeryActiveMinutes","FairlyActiveMinutes","LightlyActiveMinutes","SedentaryMinutes","Calories","TotalMinutesAsleep","TotalTimeInBed","WeightPounds"
"1",1503960366,13162,8.5,1.87999999523163,0.550000011920929,6.05999994277954,0,25,13,328,728,1985,327,346,NA
"2",1503960366,10735,6.96999979019165,1.57000005245209,0.689999997615814,4.71000003814697,0,21,19,217,776,1797,384,407,NA
"3",1503960366,10460,6.73999977111816,2.44000005722046,0.400000005960464,3.91000008583069,0,30,11,181,1218,1776,NA,NA,NA
"4",1503960366,9762,6.28000020980835,2.14000010490417,1.25999999046326,2.82999992370605,0,29,34,209,726,1745,412,442,NA
"5",1503960366,12669,8.15999984741211,2.71000003814697,0.409999996423721,5.03999996185303,0,36,10,221,773,1863,340,367,NA
"6",1503960366,9705,6.48000001907349,3.19000005722046,0.779999971389771,2.50999999046326,0,38,20,164,539,1728,700,712,NA
"7",1503960366,13019,8.59000015258789,3.25,0.639999985694885,4.71000003814697,0,42,16,233,1149,1921,NA,NA,NA
"8",1503960366,15506,9.88000011444092,3.52999997138977,1.32000005245209,5.03000020980835,0,50,31,264,775,2035,304,320,NA
"9",1503960366,10544,6.67999982833862,1.96000003814697,0.479999989271164,4.23999977111816,0,28,12,205,818,1786,360,377,NA
"10",1503960366,9819,6.34000015258789,1.3400000333786,0.349999994039536,4.65000009536743,0,19,8,211,838,1775,325,364,NA
"11",1503960366,12764,8.13000011444092,4.76000022888184,1.12000000476837,2.24000000953674,0,66,27,130,1217,1827,NA,NA,NA
"12",1503960366,14371,9.03999996185303,2.80999994277954,0.870000004768372,5.3600001335144,0,41,21,262,732,1949,361,384,NA
"13",1503960366,10039,6.40999984741211,2.92000007629395,0.209999993443489,3.27999997138977,0,39,5,238,709,1788,430,449,NA
"14",1503960366,15355,9.80000019073486,5.28999996185303,0.569999992847443,3.94000005722046,0,73,14,216,814,2013,277,323,NA
"15",1503960366,13755,8.78999996185303,2.32999992370605,0.920000016689301,5.53999996185303,0,31,23,279,833,1970,245,274,NA
"16",1503960366,18134,12.210000038147,6.40000009536743,0.409999996423721,5.40999984741211,0,78,11,243,1108,2159,NA,NA,NA
"17",1503960366,13154,8.52999973297119,3.53999996185303,1.1599999666214,3.78999996185303,0,48,28,189,782,1898,366,393,NA
"18",1503960366,11181,7.15000009536743,1.05999994277954,0.5,5.57999992370605,0,16,12,243,815,1837,341,354,NA
"19",1503960366,14673,9.25,3.55999994277954,1.41999995708466,4.26999998092651,0,52,34,217,712,1947,404,425,NA
"20",1503960366,10602,6.80999994277954,2.28999996185303,1.60000002384186,2.92000007629395,0,33,35,246,730,1820,369,396,NA
"21",1503960366,12207,7.76999998092651,3.34999990463257,1.1599999666214,3.25999999046326,0,46,31,214,746,1859,383,403,NA
"22",1503960366,12770,8.13000011444092,2.55999994277954,1.00999999046326,4.55000019073486,0,36,23,251,669,1783,285,306,NA
"24",1503960366,14727,9.71000003814697,3.21000003814697,0.569999992847443,5.92000007629395,0,41,15,277,798,2004,277,309,115.963146545323
"25",1503960366,15103,9.65999984741211,3.73000001907349,1.04999995231628,4.88000011444092,0,50,24,254,816,1990,273,296,115.963146545323
"26",1503960366,11100,7.15000009536743,2.46000003814697,0.870000004768372,3.8199999332428,0,36,22,203,1179,1819,NA,NA,NA
"27",1503960366,14070,8.89999961853027,2.92000007629395,1.08000004291534,4.88000011444092,0,45,24,250,857,1959,247,264,NA
"28",1503960366,12159,8.02999973297119,1.97000002861023,0.25,5.80999994277954,0,24,6,289,754,1896,334,367,NA
"29",1503960366,11992,7.71000003814697,2.46000003814697,2.11999988555908,3.13000011444092,0,37,46,175,833,1821,331,349,NA
"30",1503960366,10060,6.57999992370605,3.52999997138977,0.319999992847443,2.73000001907349,0,44,8,203,574,1740,594,611,NA
"31",1503960366,12022,7.71999979019165,3.45000004768372,0.529999971389771,3.74000000953674,0,46,11,206,835,1819,338,342,NA
"32",1624580081,8163,5.30999994277954,0,0,5.30999994277954,0,0,0,146,1294,1432,NA,NA,NA
"33",1624580081,7007,4.55000019073486,0,0,4.55000019073486,0,0,0,148,1292,1411,NA,NA,NA
"34",1624580081,9107,5.92000007629395,0,0,5.90999984741211,0.00999999977648258,0,0,236,1204,1572,NA,NA,NA
"35",1624580081,1510,0.980000019073486,0,0,0.970000028610229,0,0,0,96,1344,1344,NA,NA,NA
"36",1624580081,5370,3.49000000953674,0,0,3.49000000953674,0,0,0,176,1264,1463,NA,NA,NA
"37",1624580081,6175,4.05999994277954,1.02999997138977,1.51999998092651,1.49000000953674,0.00999999977648258,15,22,127,1276,1554,NA,NA,NA
"38",1624580081,10536,7.40999984741211,2.15000009536743,0.620000004768372,4.61999988555908,0.00999999977648258,17,7,202,1214,1604,NA,NA,NA
"39",1624580081,2916,1.89999997615814,0,0,1.89999997615814,0,0,0,141,1299,1435,NA,NA,NA
"40",1624580081,4974,3.23000001907349,0,0,3.23000001907349,0,0,0,151,1289,1446,NA,NA,NA
"41",1624580081,6349,4.13000011444092,0,0,4.1100001335144,0.0199999995529652,0,0,186,1254,1467,NA,NA,NA
"42",1624580081,4026,2.61999988555908,0,0,2.59999990463257,0,0,0,199,1241,1470,NA,NA,NA
"43",1624580081,8538,5.55000019073486,0,0,5.53999996185303,0.00999999977648258,0,0,227,1213,1562,NA,NA,NA
"44",1624580081,6076,3.95000004768372,1.14999997615814,0.910000026226044,1.88999998569489,0,16,18,185,1221,1617,NA,NA,NA
"45",1624580081,6497,4.21999979019165,0,0,4.19999980926514,0.0199999995529652,0,0,202,1238,1492,NA,NA,NA
"46",1624580081,2826,1.8400000333786,0,0,1.83000004291534,0.00999999977648258,0,0,140,1300,1402,NA,NA,NA
"47",1624580081,8367,5.44000005722046,1.11000001430511,1.87000000476837,2.46000003814697,0,17,36,154,1233,1670,NA,NA,NA
"48",1624580081,2759,1.78999996185303,0,0.200000002980232,1.60000002384186,0,0,5,115,1320,1401,NA,NA,NA
"49",1624580081,2390,1.54999995231628,0,0,1.54999995231628,0,0,0,150,1290,1404,NA,NA,NA
"50",1624580081,6474,4.30000019073486,0.899999976158142,1.27999997138977,2.11999988555908,0.00999999977648258,11,23,224,1182,1655,NA,NA,NA
"51",1624580081,36019,28.0300006866455,21.9200000762939,4.19000005722046,1.9099999666214,0.0199999995529652,186,63,171,1020,2690,NA,NA,NA
"52",1624580081,2969,1.92999994754791,0,0,1.91999995708466,0.00999999977648258,0,0,139,1301,1393,NA,NA,NA
"53",1624580081,3134,2.03999996185303,0,0,2.03999996185303,0,0,0,112,1328,1359,NA,NA,NA
"54",1624580081,2971,1.92999994754791,0,0,1.91999995708466,0.00999999977648258,0,0,107,890,1002,NA,NA,NA
"55",1624580081,7155,4.92999982833862,0.860000014305115,0.589999973773956,3.47000002861023,0,7,6,166,1261,1497,NA,NA,NA
"56",1624580081,2100,1.37000000476837,0,0,1.3400000333786,0.0199999995529652,0,0,96,1344,1334,NA,NA,NA
"57",1624580081,2193,1.42999994754791,0,0,1.41999995708466,0,0,0,118,1322,1368,NA,NA,NA
"58",1624580081,2470,1.61000001430511,0,0,1.58000004291534,0.0199999995529652,0,0,117,1323,1370,NA,NA,NA
"59",1624580081,1727,1.12000000476837,0,0,1.12000000476837,0.00999999977648258,0,0,102,1338,1341,NA,NA,NA
"60",1624580081,2104,1.37000000476837,0,0,1.37000000476837,0,0,0,182,1258,1474,NA,NA,NA
"61",1624580081,3427,2.23000001907349,0,0,2.22000002861023,0,0,0,152,1288,1427,NA,NA,NA
"62",1624580081,1732,1.12999999523163,0,0,1.12999999523163,0,0,0,91,1349,1328,NA,NA,NA
"63",1644430081,10694,7.76999998092651,0.140000000596046,2.29999995231628,5.32999992370605,0,2,51,256,1131,3199,NA,NA,NA
"64",1644430081,8001,5.82000017166138,2.27999997138977,0.899999976158142,2.64000010490417,0,30,16,135,1259,2902,NA,NA,NA
"65",1644430081,11037,8.02000045776367,0.360000014305115,2.55999994277954,5.09999990463257,0,5,58,252,1125,3226,NA,NA,NA
"66",1644430081,5263,3.82999992370605,0.219999998807907,0.150000005960464,3.45000004768372,0,3,4,170,1263,2750,NA,NA,NA
"67",1644430081,15300,11.1199998855591,4.09999990463257,1.87999999523163,5.09000015258789,0,51,42,212,1135,3493,NA,NA,NA
"68",1644430081,8757,6.36999988555908,2.25,0.569999992847443,3.54999995231628,0,29,13,186,1212,3011,NA,NA,NA
"69",1644430081,7132,5.19000005722046,1.07000005245209,1.66999995708466,2.45000004768372,0,15,33,121,1271,2806,NA,NA,NA
"70",1644430081,11256,8.18000030517578,0.360000014305115,2.52999997138977,5.30000019073486,0,5,58,278,1099,3300,NA,NA,NA
"71",1644430081,2436,1.76999998092651,0,0,1.75999999046326,0.00999999977648258,0,0,125,1315,2430,NA,NA,NA
"72",1644430081,1223,0.889999985694885,0,0,0.879999995231628,0.00999999977648258,0,0,38,1402,2140,NA,NA,NA
"73",1644430081,3673,2.67000007629395,0,0,2.66000008583069,0.00999999977648258,0,0,86,1354,2344,NA,NA,NA
"74",1644430081,6637,4.82999992370605,0,0.579999983310699,4.25,0,0,15,160,1265,2677,NA,NA,NA
"75",1644430081,3321,2.41000008583069,0,0,2.41000008583069,0,0,0,89,1351,2413,NA,NA,NA
"76",1644430081,3580,2.59999990463257,0.589999973773956,0.0599999986588955,1.95000004768372,0,8,1,94,1337,2497,NA,NA,NA
"77",1644430081,9919,7.21000003814697,0.800000011920929,1.72000002861023,4.69000005722046,0,11,41,223,1165,3123,NA,NA,NA
"78",1644430081,3032,2.20000004768372,0,0,2.20000004768372,0,0,0,118,1322,2489,NA,NA,NA
"79",1644430081,9405,6.84000015258789,0.200000002980232,2.3199999332428,4.30999994277954,0,3,53,227,1157,3108,NA,NA,NA
"80",1644430081,3176,2.30999994277954,0,0,2.30999994277954,0,0,0,120,1193,2498,119,127,NA
"81",1644430081,18213,13.2399997711182,0.629999995231628,3.14000010490417,9.46000003814697,0,9,71,402,816,3846,124,142,NA
"82",1644430081,6132,4.46000003814697,0.239999994635582,0.990000009536743,3.23000001907349,0,3,24,146,908,2696,NA,NA,NA
"83",1644430081,9167,6.65999984741211,0.879999995231628,0.810000002384186,4.96999979019165,0.00999999977648258,12,19,155,1254,2799,NA,NA,NA
"84",1644430081,1329,0.970000028610229,0,0,0.949999988079071,0.00999999977648258,0,0,49,713,1276,NA,NA,NA
"85",1644430081,3758,2.73000001907349,0.0700000002980232,0.310000002384186,2.34999990463257,0,1,7,148,682,2580,796,961,NA
"86",1644430081,12850,9.34000015258789,0.720000028610229,4.09000015258789,4.53999996185303,0,10,94,221,1115,3324,NA,NA,NA
"87",1644430081,2309,1.67999994754791,0,0,1.6599999666214,0.0199999995529652,0,0,52,1388,2222,NA,NA,NA
"88",1644430081,4363,3.19000005722046,0.519999980926514,0.540000021457672,2.13000011444092,0.00999999977648258,6,12,81,1341,2463,NA,NA,NA
"89",1644430081,9787,7.11999988555908,0.819999992847443,0.270000010728836,6.01000022888184,0.0199999995529652,11,6,369,1054,3328,NA,NA,NA
"90",1644430081,13372,9.72000026702881,3.25999999046326,0.790000021457672,5.67000007629395,0.00999999977648258,41,17,243,1139,3404,NA,NA,NA
"91",1644430081,6724,4.8899998664856,0,0,4.88000011444092,0,0,0,295,991,2987,137,154,NA
"92",1644430081,6643,4.82999992370605,2.39000010490417,0.349999994039536,2.08999991416931,0.00999999977648258,32,6,303,1099,3008,NA,NA,NA
"93",1844505072,6697,4.42999982833862,0,0,4.42999982833862,0,0,0,339,1101,2030,NA,NA,NA
"94",1844505072,4929,3.25999999046326,0,0,3.25999999046326,0,0,0,248,1192,1860,NA,NA,NA
"95",1844505072,7937,5.25,0,0,5.23000001907349,0,0,0,373,843,2130,NA,NA,NA
"96",1844505072,3844,2.53999996185303,0,0,2.53999996185303,0,0,0,176,527,1725,644,961,NA
"97",1844505072,3414,2.25999999046326,0,0,2.25999999046326,0,0,0,147,1293,1657,NA,NA,NA
"98",1844505072,4525,2.99000000953674,0.140000000596046,0.259999990463257,2.58999991416931,0,2,8,199,1231,1793,NA,NA,NA
"99",1844505072,4597,3.03999996185303,0,0.479999989271164,2.55999994277954,0,0,12,217,1211,1814,NA,NA,NA
"100",1844505072,197,0.129999995231628,0,0,0.129999995231628,0,0,0,10,1430,1366,NA,NA,NA
"101",1844505072,8,0.00999999977648258,0,0,0.00999999977648258,0,0,0,1,1439,1349,NA,NA,NA
"102",1844505072,8054,5.32000017166138,0.119999997317791,0.519999980926514,4.67999982833862,0,2,13,308,1117,2062,NA,NA,NA
"103",1844505072,5372,3.54999995231628,0,0,3.54999995231628,0,0,0,220,1220,1827,NA,NA,NA
"104",1844505072,3570,2.35999989509583,0,0,2.35999989509583,0,0,0,139,1301,1645,NA,NA,NA
"108",1844505072,4,0,0,0,0,0,0,0,1,1439,1348,NA,NA,NA
"109",1844505072,6907,4.57000017166138,0,0,4.55999994277954,0,0,0,302,1138,1992,NA,NA,NA
"110",1844505072,4920,3.25,0,0,3.25,0,0,0,247,1082,1856,NA,NA,NA
"111",1844505072,4014,2.67000007629395,0,0,2.65000009536743,0,0,0,184,218,1763,722,961,NA
"112",1844505072,2573,1.70000004768372,0,0.259999990463257,1.45000004768372,0,0,7,75,585,1541,590,961,NA
"117",1844505072,4059,2.6800000667572,0,0,2.6800000667572,0,0,0,184,1256,1742,NA,NA,NA
"118",1844505072,2080,1.37000000476837,0,0,1.37000000476837,0,0,0,87,1353,1549,NA,NA,NA
"119",1844505072,2237,1.48000001907349,0,0,1.48000001907349,0,0,0,120,1320,1589,NA,NA,NA
"120",1844505072,44,0.0299999993294477,0,0,0.0299999993294477,0,0,0,2,1438,1351,NA,NA,NA
"124",1927972279,678,0.469999998807907,0,0,0.469999998807907,0,0,0,55,734,2220,750,775,NA
"125",1927972279,356,0.25,0,0,0.25,0,0,0,32,986,2151,398,422,294.317120016975
"126",1927972279,2163,1.5,0,0.400000005960464,1.10000002384186,0,0,9,88,1292,2383,NA,NA,NA
"127",1927972279,980,0.680000007152557,0,0,0.680000007152557,0,0,0,51,941,2221,475,499,NA
"130",1927972279,244,0.170000001788139,0,0,0.170000001788139,0,0,0,17,1423,2111,NA,NA,NA
"134",1927972279,149,0.100000001490116,0,0,0.100000001490116,0,0,0,10,1430,2093,NA,NA,NA
"135",1927972279,2945,2.03999996185303,0,0,2.03999996185303,0,0,0,145,1295,2499,NA,NA,NA
"136",1927972279,2090,1.45000004768372,0.0700000002980232,0.239999994635582,1.13999998569489,0,1,6,75,1358,2324,NA,NA,NA
"137",1927972279,152,0.109999999403954,0,0,0.109999999403954,0,0,0,12,1303,2100,NA,NA,NA
"138",1927972279,3761,2.59999990463257,0,0,2.59999990463257,0,0,0,192,1058,2638,296,315,NA
"140",1927972279,1675,1.1599999666214,0,0,1.1599999666214,0,0,0,95,1167,2351,166,178,NA
"143",1927972279,2704,1.87000000476837,1.00999999046326,0.0299999993294477,0.829999983310699,0,14,1,70,1355,2411,NA,NA,NA
"147",1927972279,3790,2.61999988555908,1.1599999666214,0.300000011920929,1.1599999666214,0,16,8,94,1322,2505,NA,NA,NA
"148",1927972279,1326,0.920000016689301,0.730000019073486,0,0.180000007152557,0,10,0,17,1413,2195,NA,NA,NA
"149",1927972279,1786,1.24000000953674,0,0,1.24000000953674,0,0,0,87,1353,2338,NA,NA,NA
"151",1927972279,2091,1.45000004768372,0,0,1.45000004768372,0,0,0,108,1332,2383,NA,NA,NA
"152",1927972279,1510,1.03999996185303,0,0,1.03999996185303,0,0,0,48,1392,2229,NA,NA,NA
"155",2022484408,11875,8.34000015258789,3.30999994277954,0.769999980926514,4.26000022888184,0,42,14,227,1157,2390,NA,NA,NA
"156",2022484408,12024,8.5,2.99000000953674,0.100000001490116,5.40999984741211,0,43,5,292,1100,2601,NA,NA,NA
"157",2022484408,10690,7.5,2.48000001907349,0.209999993443489,4.82000017166138,0,32,3,257,1148,2312,NA,NA,NA
"158",2022484408,11034,8.02999973297119,1.94000005722046,0.310000002384186,5.78000020980835,0,27,9,282,1122,2525,NA,NA,NA
"159",2022484408,10100,7.09000015258789,3.15000009536743,0.550000011920929,3.39000010490417,0,41,11,151,1237,2177,NA,NA,NA
"160",2022484408,15112,11.3999996185303,3.86999988555908,0.660000026226044,6.88000011444092,0,28,29,331,1052,2782,NA,NA,NA
"161",2022484408,14131,10.0699996948242,3.64000010490417,0.119999997317791,6.30000019073486,0,48,3,311,1078,2770,NA,NA,NA
"162",2022484408,11548,8.52999973297119,3.28999996185303,0.239999994635582,5,0,31,7,250,1152,2489,NA,NA,NA
"163",2022484408,15112,10.6700000762939,3.33999991416931,1.92999994754791,5.40000009536743,0,48,63,276,1053,2897,NA,NA,NA
"164",2022484408,12453,8.73999977111816,3.32999992370605,1.11000001430511,4.30999994277954,0,104,53,255,1028,3158,NA,NA,NA
"165",2022484408,12954,9.32999992370605,4.42999982833862,0.419999986886978,4.46999979019165,0,52,10,273,1105,2638,NA,NA,NA
"166",2022484408,6001,4.21000003814697,0,0,4.21000003814697,0,0,0,249,1191,2069,NA,NA,NA
"167",2022484408,13481,10.2799997329712,4.55000019073486,1.14999997615814,4.57999992370605,0,37,26,216,1161,2529,NA,NA,NA
"168",2022484408,11369,8.01000022888184,3.32999992370605,0.219999998807907,4.46000003814697,0,44,8,217,1171,2470,NA,NA,NA
"169",2022484408,10119,7.19000005722046,1.42999994754791,0.660000026226044,5.1100001335144,0,55,24,275,1086,2793,NA,NA,NA
"170",2022484408,10159,7.13000011444092,1.03999996185303,0.970000028610229,5.11999988555908,0,19,20,282,1119,2463,NA,NA,NA
"171",2022484408,10140,7.11999988555908,0.409999996423721,1.33000004291534,5.3899998664856,0,6,20,291,1123,2296,NA,NA,NA
"172",2022484408,10245,7.19000005722046,0.479999989271164,1.21000003814697,5.5,0,21,40,281,1098,2611,NA,NA,NA
"173",2022484408,18387,12.9099998474121,0.939999997615814,1.39999997615814,10.5699996948242,0,13,23,361,1043,2732,NA,NA,NA
"174",2022484408,10538,7.40000009536743,1.94000005722046,0.959999978542328,4.5,0,25,28,245,1142,2380,NA,NA,NA
"175",2022484408,12798,8.97999954223633,2.22000002861023,1.21000003814697,5.55999994277954,0,57,28,271,1084,2797,NA,NA,NA
"176",2022484408,13272,9.31999969482422,4.17999982833862,1.14999997615814,3.99000000953674,0,58,25,224,1133,2544,NA,NA,NA
"177",2022484408,9117,6.40999984741211,1.27999997138977,0.670000016689301,4.44000005722046,0,16,16,236,728,1853,NA,NA,NA
"178",2022484408,10379,7.28999996185303,2.60999989509583,0.340000003576279,4.32999992370605,0,36,8,277,1119,2473,NA,NA,NA
"179",2022484408,12183,8.73999977111816,3.99000000953674,0.46000000834465,4.28000020980835,0,72,14,250,1104,2752,NA,NA,NA
"180",2022484408,11768,8.28999996185303,2.50999999046326,0.930000007152557,4.84999990463257,0,36,27,272,1105,2649,NA,NA,NA
"181",2022484408,11895,8.35000038146973,2.78999996185303,0.860000014305115,4.69999980926514,0,55,20,253,1112,2609,NA,NA,NA
"182",2022484408,10227,7.17999982833862,1.87000000476837,0.670000016689301,4.6399998664856,0,24,17,295,1104,2498,NA,NA,NA
"183",2022484408,6708,4.71000003814697,1.61000001430511,0.0799999982118607,3.01999998092651,0,20,2,149,1269,1995,NA,NA,NA
"184",2022484408,3292,2.30999994277954,0,0,2.30999994277954,0,0,0,135,1305,1848,NA,NA,NA
"185",2022484408,13379,9.39000034332275,2.11999988555908,1.62999999523163,5.6399998664856,0,35,47,297,1061,2709,NA,NA,NA
"186",2026352035,4414,2.74000000953674,0.189999997615814,0.349999994039536,2.20000004768372,0,3,8,181,706,1459,503,546,NA
"187",2026352035,4993,3.09999990463257,0,0,3.09999990463257,0,0,0,238,663,1521,531,565,NA
"188",2026352035,3335,2.0699999332428,0,0,2.04999995231628,0,0,0,197,653,1431,545,568,NA
"189",2026352035,3821,2.36999988555908,0,0,2.36999988555908,0,0,0,188,687,1444,523,573,NA
"190",2026352035,2547,1.58000004291534,0,0,1.58000004291534,0,0,0,150,728,1373,524,567,NA
"191",2026352035,838,0.519999980926514,0,0,0.519999980926514,0,0,0,60,1053,1214,437,498,NA
"192",2026352035,3325,2.05999994277954,0,0,2.05999994277954,0,0,0,182,1062,1419,NA,NA,NA
"193",2026352035,2424,1.5,0,0,1.5,0,0,0,141,785,1356,498,540,NA
"194",2026352035,7222,4.48000001907349,0,0,4.48000001907349,0,0,0,327,623,1667,461,510,NA
"195",2026352035,2467,1.52999997138977,0,0,1.52999997138977,0,0,0,153,749,1370,477,514,NA
"196",2026352035,2915,1.80999994277954,0,0,1.80999994277954,0,0,0,162,712,1399,520,545,NA
"197",2026352035,12357,7.71000003814697,0,0,7.71000003814697,0,0,0,432,458,1916,522,554,NA
"198",2026352035,3490,2.16000008583069,0,0,2.16000008583069,0,0,0,164,704,1401,555,591,NA
"199",2026352035,6017,3.73000001907349,0,0,3.73000001907349,0,0,0,260,821,1576,506,531,NA
"200",2026352035,5933,3.6800000667572,0,0,3.6800000667572,0,0,0,288,1018,1595,NA,NA,NA
"201",2026352035,6088,3.76999998092651,0,0,3.76999998092651,0,0,0,286,586,1593,508,545,NA
"202",2026352035,6375,3.95000004768372,0,0,3.95000004768372,0,0,0,331,626,1649,513,545,NA
"203",2026352035,7604,4.71000003814697,0,0,4.71000003814697,0,0,0,352,492,1692,490,510,NA
"204",2026352035,4729,2.9300000667572,0,0,2.9300000667572,0,0,0,233,594,1506,573,607,NA
"205",2026352035,3609,2.27999997138977,0,0,2.27999997138977,0,0,0,191,716,1447,527,546,NA
"206",2026352035,254,0.159999996423721,0,0,0.159999996423721,0,0,0,17,1002,1141,357,380,NA
"207",2026352035,8580,5.32000017166138,0,0,5.32000017166138,0,0,0,330,569,1698,523,553,NA
"208",2026352035,8891,5.51000022888184,0,0,5.51000022888184,0,0,0,343,330,1364,456,485,NA
"209",2026352035,7018,4.34999990463257,0,0,4.34999990463257,0,0,0,355,716,1690,511,543,NA
"210",2026352035,5992,3.72000002861023,0,0,3.72000002861023,0,0,0,304,981,1604,NA,NA,NA
"211",2026352035,6564,4.07000017166138,0,0,4.07000017166138,0,0,0,345,530,1658,538,560,NA
"212",2026352035,12167,7.53999996185303,0,0,7.53999996185303,0,0,0,475,479,1926,468,485,NA
"213",2026352035,8198,5.07999992370605,0,0,5.07999992370605,0,0,0,383,511,1736,524,548,NA
"214",2026352035,4193,2.59999990463257,0,0,2.59999990463257,0,0,0,229,665,1491,511,521,NA
"215",2026352035,5528,3.45000004768372,0,0,3.45000004768372,0,0,0,258,610,1555,541,568,NA
"216",2026352035,10685,6.61999988555908,0,0,6.59999990463257,0,0,0,401,543,1869,531,556,NA
"217",2320127002,10725,7.48999977111816,1.16999995708466,0.310000002384186,6.01000022888184,0,13,9,306,1112,2124,NA,NA,NA
"218",2320127002,7275,4.90000009536743,0,0,4.90000009536743,0,0,0,335,1105,2003,NA,NA,NA
"219",2320127002,3973,2.6800000667572,0,0,2.6800000667572,0,0,0,191,1249,1696,NA,NA,NA
"220",2320127002,5205,3.50999999046326,0,0,3.50999999046326,0,0,0,245,1195,1801,NA,NA,NA
"221",2320127002,5057,3.41000008583069,0,0,3.40000009536743,0,0,0,195,1245,1724,NA,NA,NA
"222",2320127002,6198,4.17999982833862,0,0,4.17999982833862,0,0,0,249,1191,1852,NA,NA,NA
"223",2320127002,6559,4.42000007629395,0,0.259999990463257,4.1399998664856,0,0,7,260,1173,1905,NA,NA,NA
"224",2320127002,5997,4.03999996185303,0,0.379999995231628,3.66000008583069,0,0,11,228,1201,1811,NA,NA,NA
"225",2320127002,7192,4.84999990463257,0,0.490000009536743,4.34000015258789,0,0,11,283,1146,1922,NA,NA,NA
"226",2320127002,3404,2.28999996185303,0.0599999986588955,0.419999986886978,1.80999994277954,0,1,10,127,1302,1610,NA,NA,NA
"227",2320127002,5583,3.75999999046326,0,0,3.75999999046326,0,0,0,266,1174,1851,NA,NA,NA
"228",2320127002,5079,3.42000007629395,0,0,3.42000007629395,0,0,0,242,1129,1804,61,69,NA
"229",2320127002,4165,2.80999994277954,0,0,2.79999995231628,0,0,0,204,1236,1725,NA,NA,NA
"230",2320127002,3588,2.42000007629395,0.230000004172325,0.200000002980232,1.99000000953674,0,3,5,152,1280,1654,NA,NA,NA
"231",2320127002,3409,2.29999995231628,0,0,2.29999995231628,0,0,0,147,1293,1632,NA,NA,NA
"232",2320127002,1715,1.1599999666214,0,0,1.1599999666214,0,0,0,82,1358,1481,NA,NA,NA
"233",2320127002,1532,1.02999997138977,0,0,1.02999997138977,0,0,0,76,1364,1473,NA,NA,NA
"234",2320127002,924,0.620000004768372,0,0,0.620000004768372,0,0,0,45,1395,1410,NA,NA,NA
"235",2320127002,4571,3.07999992370605,0,0,3.0699999332428,0,0,0,234,1206,1779,NA,NA,NA
"236",2320127002,772,0.519999980926514,0,0,0.519999980926514,0,0,0,40,1400,1403,NA,NA,NA
"237",2320127002,6227,4.19999980926514,0,0,4.19999980926514,0,0,0,290,1150,1899,NA,NA,NA
"238",2320127002,6424,4.32999992370605,0,0,4.32999992370605,0,0,0,300,1140,1903,NA,NA,NA
"239",2320127002,2661,1.78999996185303,0,0,1.78999996185303,0,0,0,128,830,1125,NA,NA,NA
"240",2320127002,3634,2.45000004768372,0.360000014305115,0.209999993443489,1.87999999523163,0,5,6,123,1306,1613,NA,NA,NA
"241",2320127002,7443,5.01999998092651,1.49000000953674,0.370000004768372,3.16000008583069,0,20,10,206,1204,1878,NA,NA,NA
"242",2320127002,1201,0.810000002384186,0,0,0.810000002384186,0,0,0,52,1388,1426,NA,NA,NA
"243",2320127002,5202,3.50999999046326,0,0.389999985694885,3.10999989509583,0,0,11,223,1206,1780,NA,NA,NA
"244",2320127002,4878,3.28999996185303,0,0,3.28999996185303,0,0,0,204,1236,1742,NA,NA,NA
"245",2320127002,7379,4.96999979019165,0,0,4.96999979019165,0,0,0,319,1121,1972,NA,NA,NA
"246",2320127002,5161,3.48000001907349,0,0,3.47000002861023,0,0,0,247,1193,1821,NA,NA,NA
"247",2320127002,3090,2.07999992370605,0,0,2.07999992370605,0,0,0,145,1295,1630,NA,NA,NA
"248",2347167796,10113,6.82999992370605,2,0.620000004768372,4.19999980926514,0,28,13,320,964,2344,NA,NA,NA
"249",2347167796,10352,7.01000022888184,1.6599999666214,1.94000005722046,3.41000008583069,0,19,32,195,676,2038,467,531,NA
"250",2347167796,10129,6.69999980926514,0.0199999995529652,2.74000000953674,3.94000005722046,0,1,48,206,705,2010,445,489,NA
"251",2347167796,10465,6.92000007629395,0.0700000002980232,1.41999995708466,5.42999982833862,0,1,24,284,720,2133,452,504,NA
"252",2347167796,22244,15.0799999237061,5.44999980926514,4.09999990463257,5.53000020980835,0,66,72,268,968,2670,NA,NA,NA
"253",2347167796,5472,3.61999988555908,0.0799999982118607,0.280000001192093,3.25999999046326,0,1,7,249,508,1882,556,602,NA
"254",2347167796,8247,5.44999980926514,0.790000021457672,0.860000014305115,3.78999996185303,0,11,16,206,678,1944,500,557,NA
"255",2347167796,6711,4.44000005722046,0,0,4.44000005722046,0,0,7,382,648,2346,465,514,NA
"256",2347167796,10999,7.26999998092651,0.680000007152557,1.80999994277954,4.78000020980835,0,11,43,269,1011,2198,NA,NA,NA
"257",2347167796,10080,6.75,1.85000002384186,1.52999997138977,3.38000011444092,0,23,26,208,761,2048,460,484,NA
"258",2347167796,7804,5.15999984741211,0.560000002384186,1.67999994754791,2.92000007629395,0,9,27,206,781,1946,405,461,NA
"259",2347167796,16901,11.3699998855591,2.77999997138977,1.45000004768372,7.15000009536743,0,32,35,360,591,2629,374,386,NA
"260",2347167796,9471,6.26000022888184,0,0,6.26000022888184,0,0,0,360,584,2187,442,459,NA
"261",2347167796,9482,6.38000011444092,1.26999998092651,0.519999980926514,4.59999990463257,0,15,11,277,653,2095,433,471,NA
"262",2347167796,5980,3.95000004768372,0,0,3.95000004768372,0,0,0,227,732,1861,436,490,NA
"263",2347167796,11423,7.57999992370605,1.86000001430511,0.400000005960464,5.32000017166138,0,26,9,295,623,2194,448,499,NA
"264",2347167796,5439,3.59999990463257,0,0,3.59999990463257,0,0,0,229,764,1854,408,450,NA
"265",2347167796,42,0.0299999993294477,0,0,0.0299999993294477,0,0,0,4,2,403,411,473,NA
"266",2873212765,8796,5.90999984741211,0.109999999403954,0.930000007152557,4.88000011444092,0,2,21,356,1061,1982,NA,NA,NA
"267",2873212765,7618,5.11999988555908,0,0.219999998807907,4.88000011444092,0.0199999995529652,0,8,404,1028,2004,NA,NA,NA
"268",2873212765,7910,5.32000017166138,0,0,5.32000017166138,0,0,0,331,1109,1893,NA,NA,NA
"269",2873212765,8482,5.69999980926514,0,0,5.69000005722046,0.00999999977648258,0,0,448,992,2063,NA,NA,NA
"270",2873212765,9685,6.65000009536743,3.10999989509583,0.0199999995529652,3.50999999046326,0.00999999977648258,47,1,305,1087,2148,NA,NA,NA
"271",2873212765,2524,1.70000004768372,0,0.349999994039536,1.3400000333786,0,0,8,160,1272,1529,NA,NA,NA
"272",2873212765,7762,5.23999977111816,0.0700000002980232,0.280000001192093,4.8899998664856,0,1,6,311,1122,1890,NA,NA,NA
"273",2873212765,7948,5.36999988555908,0,0,5.3600001335144,0,0,0,389,1051,1956,NA,NA,NA
"274",2873212765,9202,6.30000019073486,1.50999999046326,0.119999997317791,4.65999984741211,0.00999999977648258,22,5,378,1035,2094,NA,NA,NA
"275",2873212765,8859,5.98000001907349,0.129999995231628,0.370000004768372,5.46999979019165,0.00999999977648258,2,10,371,1057,1970,NA,NA,125.002104340889
"276",2873212765,7286,4.90000009536743,0.46000000834465,0,4.42000007629395,0.0199999995529652,46,0,366,1028,2241,NA,NA,NA
"277",2873212765,9317,6.34999990463257,2.08999991416931,0.230000004172325,4.01999998092651,0.00999999977648258,28,5,330,1077,2021,NA,NA,NA
"278",2873212765,6873,4.67999982833862,3,0.0599999986588955,1.62000000476837,0,46,1,190,1203,1898,NA,NA,NA
"279",2873212765,7373,4.94999980926514,0,0,4.94999980926514,0,0,0,359,1081,1907,NA,NA,NA
"280",2873212765,8242,5.53999996185303,0.119999997317791,0.180000007152557,5.23999977111816,0,2,5,309,1124,1882,NA,NA,NA
"281",2873212765,3516,2.35999989509583,0,0,2.35999989509583,0,46,0,197,1197,1966,NA,NA,NA
"282",2873212765,7913,5.40999984741211,2.16000008583069,0.340000003576279,2.91000008583069,0,28,7,213,1192,1835,NA,NA,NA
"283",2873212765,7365,4.94999980926514,1.36000001430511,1.4099999666214,2.1800000667572,0,20,23,206,1191,1780,NA,NA,NA
"284",2873212765,8452,5.67999982833862,0.330000013113022,1.08000004291534,4.26000022888184,0.00999999977648258,5,20,248,1167,1830,NA,NA,NA
"285",2873212765,7399,4.96999979019165,0.490000009536743,1.03999996185303,3.44000005722046,0,7,18,196,1219,1739,NA,NA,NA
"286",2873212765,8275,5.55999994277954,0,0,5.55000019073486,0.00999999977648258,0,0,373,1067,1962,NA,NA,NA
"287",2873212765,6440,4.32999992370605,0,0,4.32000017166138,0.00999999977648258,0,0,319,1121,1826,NA,NA,NA
"288",2873212765,7566,5.1100001335144,0,0,5.1100001335144,0,0,0,268,720,1431,NA,NA,126.324874550011
"289",2873212765,7525,5.05999994277954,0,0.209999993443489,4.82999992370605,0.0199999995529652,0,7,334,1099,1878,NA,NA,NA
"290",2873212765,7412,4.98000001907349,0.0599999986588955,0.25,4.65999984741211,0.00999999977648258,1,6,363,1070,1906,NA,NA,NA
"291",2873212765,8278,5.55999994277954,0,0,5.55999994277954,0,0,0,420,1020,2015,NA,NA,NA
"292",2873212765,8314,5.6100001335144,0.779999971389771,0.800000011920929,4.03000020980835,0,13,23,311,1093,1971,NA,NA,NA
"293",2873212765,7063,4.75,0,0.119999997317791,4.6100001335144,0.00999999977648258,0,5,370,1065,1910,NA,NA,NA
"294",2873212765,4940,3.38000011444092,2.27999997138977,0.550000011920929,0.550000011920929,0,75,11,52,1302,1897,NA,NA,NA
"295",2873212765,8168,5.53999996185303,2.90000009536743,0,2.64000010490417,0,46,0,326,1068,2096,NA,NA,NA
"296",2873212765,7726,5.19000005722046,0,0,5.19000005722046,0,0,0,345,1095,1906,NA,NA,NA
"297",3372868164,4747,3.24000000953674,0,0,3.23000001907349,0.00999999977648258,0,0,280,1160,1788,NA,NA,NA
"298",3372868164,9715,6.63000011444092,0.990000009536743,0.340000003576279,5.26999998092651,0.0199999995529652,16,8,371,1045,2093,NA,NA,NA
"299",3372868164,8844,6.03000020980835,0.340000003576279,1.02999997138977,4.65000009536743,0.00999999977648258,6,25,370,1039,2065,NA,NA,NA
"300",3372868164,7451,5.07999992370605,0,0,5.05999994277954,0.0199999995529652,0,0,335,1105,1908,NA,NA,NA
"301",3372868164,6905,4.73000001907349,0,0,4.69999980926514,0.0299999993294477,0,0,356,1084,1908,NA,NA,NA
"302",3372868164,8199,5.88000011444092,1.4099999666214,0.100000001490116,4.3600001335144,0.00999999977648258,11,2,322,1105,1964,NA,NA,NA
"303",3372868164,6798,4.6399998664856,1.08000004291534,0.200000002980232,3.34999990463257,0,20,7,343,1070,2014,NA,NA,NA
"304",3372868164,7711,5.26000022888184,0,0,5.23999977111816,0.0199999995529652,0,0,376,1064,1985,NA,NA,NA
"305",3372868164,4880,3.32999992370605,0.839999973773956,0.0900000035762787,2.38000011444092,0.0199999995529652,15,3,274,1148,1867,NA,NA,NA
"306",3372868164,8857,6.07000017166138,1.14999997615814,0.259999990463257,4.6399998664856,0.00999999977648258,18,9,376,1037,2124,NA,NA,NA
"307",3372868164,3843,2.61999988555908,0,0,2.60999989509583,0.00999999977648258,0,0,206,1234,1669,NA,NA,NA
"308",3372868164,7396,5.07000017166138,1.39999997615814,0.0799999982118607,3.57999992370605,0,20,2,303,1115,1995,NA,NA,NA
"309",3372868164,6731,4.59000015258789,0.889999985694885,0.189999997615814,3.49000000953674,0.0199999995529652,14,7,292,1127,1921,NA,NA,NA
"310",3372868164,5995,4.09000015258789,0,0,4.09000015258789,0,0,0,416,1024,2010,NA,NA,NA
"311",3372868164,8283,5.78999996185303,1.85000002384186,0.0500000007450581,3.86999988555908,0.00999999977648258,22,2,333,1083,2057,NA,NA,NA
"312",3372868164,7904,5.42000007629395,1.58000004291534,0.629999995231628,3.19000005722046,0.00999999977648258,24,13,346,1057,2095,NA,NA,NA
"313",3372868164,5512,3.75999999046326,0,0,3.75999999046326,0,0,0,385,1055,1972,NA,NA,NA
"314",3372868164,9135,6.23000001907349,0,0,6.21999979019165,0.00999999977648258,0,0,402,1038,2044,NA,NA,NA
"315",3372868164,5250,3.57999992370605,1.05999994277954,0.0900000035762787,2.42000007629395,0.00999999977648258,17,4,300,1119,1946,NA,NA,NA
"316",3372868164,3077,2.09999990463257,0,0,2.08999991416931,0,0,0,172,842,1237,NA,NA,NA
"317",3977333714,8856,5.98000001907349,3.05999994277954,0.910000026226044,2.00999999046326,0,44,19,131,777,1450,274,469,NA
"318",3977333714,10035,6.71000003814697,2.02999997138977,2.13000011444092,2.54999995231628,0,31,46,153,754,1495,295,456,NA
"319",3977333714,7641,5.1100001335144,0.319999992847443,0.970000028610229,3.8199999332428,0,5,23,214,801,1433,291,397,NA
"320",3977333714,9010,6.05999994277954,1.04999995231628,1.75,3.25999999046326,0,15,42,183,644,1468,424,556,NA
"321",3977333714,13459,9,2.02999997138977,4,2.97000002861023,0,31,83,153,663,1625,283,510,NA
"322",3977333714,10415,6.96999979019165,0.699999988079071,2.34999990463257,3.92000007629395,0,11,58,205,600,1529,381,566,NA
"323",3977333714,11663,7.80000019073486,0.25,3.73000001907349,3.8199999332428,0,4,95,214,605,1584,412,522,NA
"324",3977333714,12414,8.77999973297119,2.24000000953674,2.45000004768372,3.96000003814697,0,19,67,221,738,1638,219,395,NA
"325",3977333714,11658,7.82999992370605,0.200000002980232,4.34999990463257,3.27999997138977,0,2,98,164,845,1554,152,305,NA
"326",3977333714,6093,4.07999992370605,0,0,4.05999994277954,0,0,0,242,712,1397,332,512,NA
"327",3977333714,8911,5.96000003814697,2.32999992370605,0.579999983310699,3.05999994277954,0,33,12,188,731,1481,355,476,NA
"328",3977333714,12058,8.06999969482422,0,4.21999979019165,3.84999990463257,0,0,92,252,724,1638,235,372,NA
"329",3977333714,14112,10,3.26999998092651,4.55999994277954,2.17000007629395,0,30,95,129,660,1655,310,526,NA
"330",3977333714,11177,8.47999954223633,5.61999988555908,0.430000007152557,2.41000008583069,0,50,9,133,781,1570,262,467,NA
"331",3977333714,11388,7.61999988555908,0.449999988079071,4.21999979019165,2.95000004768372,0,7,95,170,797,1551,250,371,NA
"332",3977333714,7193,5.03999996185303,0,0.419999986886978,4.61999988555908,0,0,10,176,714,1377,349,540,NA
"333",3977333714,7114,4.88000011444092,1.37000000476837,0.28999999165535,3.22000002861023,0,15,8,190,804,1407,261,423,NA
"334",3977333714,10645,7.75,3.74000000953674,1.29999995231628,2.71000003814697,0,36,32,150,744,1545,333,478,NA
"335",3977333714,13238,9.19999980926514,3.69000005722046,2.09999990463257,3.41000008583069,0,43,52,194,687,1650,237,382,NA
"336",3977333714,10414,7.07000017166138,2.67000007629395,1.98000001907349,2.41000008583069,0,41,40,124,691,1501,383,626,NA
"337",3977333714,13072,8.77999973297119,0.0700000002980232,5.40000009536743,3.30999994277954,0,1,115,196,676,1630,312,452,NA
"338",3977333714,746,0.5,0.370000004768372,0,0.129999995231628,0,4,0,9,13,52,NA,NA,NA
"339",3977333714,16520,11.0500001907349,1.53999996185303,6.48000001907349,3.01999998092651,0,24,143,176,713,1760,230,384,NA
"340",3977333714,14335,9.59000015258789,3.3199999332428,1.74000000953674,4.53000020980835,0,47,41,258,594,1710,292,500,NA
"341",3977333714,13559,9.4399995803833,1.80999994277954,4.57999992370605,2.89000010490417,0,14,96,142,852,1628,213,336,NA
"342",3977333714,12312,8.57999992370605,1.75999999046326,4.1100001335144,2.71000003814697,0,14,88,178,680,1618,318,480,NA
"343",3977333714,11677,8.27999973297119,3.10999989509583,2.50999999046326,2.67000007629395,0,29,55,168,676,1590,323,512,NA
"344",3977333714,11550,7.73000001907349,0,4.13000011444092,3.58999991416931,0,0,86,208,703,1574,237,443,NA
"345",3977333714,13585,9.09000015258789,0.680000007152557,5.23999977111816,3.17000007629395,0,9,116,171,688,1633,259,456,NA
"346",3977333714,14687,10.0799999237061,0.769999980926514,5.59999990463257,3.54999995231628,0,8,122,151,1159,1667,NA,NA,NA
"347",4020332650,8539,6.11999988555908,0.150000005960464,0.239999994635582,5.67999982833862,0,4,15,331,712,3654,501,541,NA
"349",4020332650,108,0.0799999982118607,0,0,0.0299999993294477,0,0,0,3,1437,2011,NA,NA,NA
"350",4020332650,1882,1.35000002384186,0.209999993443489,0.360000014305115,0.769999980926514,0,36,18,87,1299,2951,NA,NA,NA
"351",4020332650,1982,1.41999995708466,0.449999988079071,0.370000004768372,0.589999973773956,0,65,21,55,1222,3051,77,77,NA
"352",4020332650,16,0.00999999977648258,0,0,0.00999999977648258,0,0,0,2,1438,1990,NA,NA,NA
"353",4020332650,62,0.0399999991059303,0,0,0.0399999991059303,0,0,0,2,1438,1995,NA,NA,NA
"367",4020332650,5546,3.98000001907349,0,0,3.86999988555908,0.0399999991059303,0,0,206,774,2926,442,494,NA
"368",4020332650,3689,2.65000009536743,0.109999999403954,0.170000001788139,2.32999992370605,0,2,8,134,1296,2645,NA,NA,NA
"369",4020332650,590,0.419999986886978,0,0,0.409999996423721,0,0,0,21,721,1120,NA,NA,NA
"370",4020332650,475,0.340000003576279,0,0.0399999991059303,0.28999999165535,0,0,11,31,1350,2207,NA,NA,NA
"371",4020332650,4496,3.22000002861023,0,0,3.15000009536743,0.0500000007450581,0,0,174,950,2828,322,332,NA
"372",4020332650,10252,7.34999990463257,0.670000016689301,1.03999996185303,5.57999992370605,0,13,46,346,531,3879,478,536,NA
"373",4020332650,11728,8.43000030517578,2.61999988555908,1.67999994754791,4.03999996185303,0.0700000002980232,38,42,196,916,3429,226,248,NA
"374",4020332650,4369,3.13000011444092,0,0,3.09999990463257,0.00999999977648258,0,0,177,855,2704,385,408,NA
"375",4020332650,6132,4.40000009536743,0,0,3.57999992370605,0,0,0,184,1256,2975,NA,NA,NA
"376",4020332650,5862,4.19999980926514,0,0,4.15000009536743,0,0,0,263,775,3089,364,402,NA
"377",4020332650,4556,3.26999998092651,0.200000002980232,0.119999997317791,2.94000005722046,0,3,5,173,1225,2785,NA,NA,NA
"378",4057192912,5394,4.03000020980835,0,0,3.94000005722046,0,0,0,164,1276,2286,NA,NA,NA
"379",4057192912,5974,4.46999979019165,0,0,4.36999988555908,0,0,0,160,1280,2306,NA,NA,NA
"381",4057192912,3984,2.95000004768372,0.209999993443489,0.259999990463257,2.44000005722046,0,3,6,88,873,1527,NA,NA,NA
"382",4319703577,7753,5.19999980926514,0,0,0,0,0,0,0,1440,2115,NA,NA,NA
"383",4319703577,8204,5.5,0.529999971389771,0.589999973773956,1.30999994277954,0,8,15,96,1234,2135,NA,NA,NA
"384",4319703577,10210,6.88000011444092,0.109999999403954,0.330000013113022,6.44000005722046,0,1,9,339,589,2302,535,557,NA
"385",4319703577,5664,3.79999995231628,0,0,3.79999995231628,0,0,0,228,752,1985,465,491,NA
"386",4319703577,4744,3.1800000667572,0,0,3.1800000667572,0,0,0,194,724,1884,506,522,NA
"387",4319703577,29,0.0199999995529652,0,0,0.0199999995529652,0,0,0,3,1363,1464,NA,NA,159.614681185927
"388",4319703577,2276,1.54999995231628,0.0700000002980232,0.330000013113022,1.12000000476837,0,1,9,58,824,1632,515,551,NA
"389",4319703577,8925,5.98999977111816,0,0,5.98999977111816,0,0,0,311,604,2200,461,498,NA
"390",4319703577,8954,6.01000022888184,0,0.680000007152557,5.30999994277954,0,0,18,306,671,2220,523,543,NA
"391",4319703577,3702,2.48000001907349,0,0,0.349999994039536,0,0,0,34,1265,1792,59,65,NA
"392",4319703577,4500,3.01999998092651,0.0599999986588955,0.810000002384186,2.15000009536743,0,1,19,176,709,1886,533,550,NA
"393",4319703577,4935,3.30999994277954,0,0,3.30999994277954,0,0,0,233,546,1945,692,722,NA
"394",4319703577,4081,2.74000000953674,0.0599999986588955,0.200000002980232,2.47000002861023,0,1,5,191,692,1880,467,501,NA
"395",4319703577,9259,6.21000003814697,0,0.280000001192093,5.92999982833862,0,0,8,390,544,2314,488,506,NA
"396",4319703577,9899,6.6399998664856,0.569999992847443,0.920000016689301,5.15000009536743,0,8,21,288,649,2236,505,516,NA
"397",4319703577,10780,7.23000001907349,0.409999996423721,1.91999995708466,4.90999984741211,0,6,47,300,680,2324,286,307,NA
"398",4319703577,10817,7.28000020980835,1.00999999046326,0.330000013113022,5.94000005722046,0,13,8,359,552,2367,497,522,NA
"399",4319703577,7990,5.3600001335144,0.449999988079071,0.790000021457672,4.11999988555908,0,6,18,289,624,2175,523,546,NA
"400",4319703577,8221,5.51999998092651,0.400000005960464,1.61000001430511,3.50999999046326,0,6,38,196,695,2092,490,516,NA
"401",4319703577,1251,0.839999973773956,0,0,0.839999973773956,0,0,0,67,836,1593,484,500,NA
"402",4319703577,9487,6.36999988555908,0.209999993443489,0.46000000834465,5.69999980926514,0,3,12,329,555,2260,487,517,NA
"403",4319703577,9129,6.13000011444092,0.200000002980232,0.740000009536743,5.17999982833862,0,3,18,311,574,2232,529,558,NA
"404",4319703577,17,0.00999999977648258,0,0,0.00999999977648258,0,0,0,2,0,257,302,321,NA
"405",4319703577,9261,6.23999977111816,0,0.439999997615814,5.71000003814697,0,0,11,344,585,2270,478,506,NA
"406",4319703577,9648,6.46999979019165,0.579999983310699,1.07000005245209,4.82999992370605,0,8,26,287,669,2235,474,512,NA
"407",4319703577,10429,7.01999998092651,0.589999973773956,0.579999983310699,5.84999990463257,0,8,13,313,1106,2282,NA,NA,159.394222287729
"408",4319703577,13658,9.48999977111816,2.63000011444092,1.4099999666214,5.44999980926514,0,27,34,328,957,2530,NA,NA,NA
"409",4319703577,9524,6.42000007629395,0.409999996423721,0.469999998807907,5.46000003814697,0,6,11,314,692,2266,450,491,NA
"410",4319703577,7937,5.32999992370605,0.189999997615814,1.04999995231628,4.07999992370605,0,3,28,279,586,2158,507,530,NA
"411",4319703577,3672,2.46000003814697,0,0,2.46000003814697,0,0,0,153,603,1792,602,638,NA
"412",4319703577,10378,6.96000003814697,0.140000000596046,0.560000002384186,6.25,0,2,14,374,490,2345,535,565,NA
"413",4388161847,10122,7.78000020980835,0,0,0,0,0,0,0,1440,2955,NA,NA,NA
"414",4388161847,10993,8.44999980926514,0.0599999986588955,0.629999995231628,3.88000011444092,0,1,14,150,1275,3092,NA,NA,NA
"415",4388161847,8863,6.82000017166138,0.129999995231628,1.07000005245209,5.61999988555908,0,10,35,219,945,2998,NA,NA,NA
"416",4388161847,8758,6.73000001907349,0,0,6.73000001907349,0,0,0,299,837,3066,499,526,NA
"417",4388161847,6580,5.05999994277954,0.209999993443489,0.400000005960464,4.44999980926514,0,6,9,253,609,3073,426,448,NA
"418",4388161847,4660,3.57999992370605,0,0,3.57999992370605,0,0,0,201,721,2572,619,641,NA
"419",4388161847,11009,9.10000038146973,3.55999994277954,0.400000005960464,5.1399998664856,0,27,8,239,1017,3274,99,104,NA
"420",4388161847,10181,7.82999992370605,1.37000000476837,0.689999997615814,5.76999998092651,0,20,16,249,704,3015,329,338,NA
"421",4388161847,10553,8.11999988555908,1.10000002384186,1.72000002861023,5.28999996185303,0,19,42,228,696,3083,421,451,NA
"422",4388161847,10055,7.73000001907349,0.370000004768372,0.389999985694885,6.98000001907349,0,7,12,272,853,3069,442,458,NA
"423",4388161847,12139,9.34000015258789,3.29999995231628,1.11000001430511,4.92000007629395,0,77,25,220,945,3544,82,85,NA
"424",4388161847,13236,10.1800003051758,4.5,0.319999992847443,5.34999990463257,0,58,5,215,749,3306,478,501,NA
"425",4388161847,10243,7.88000011444092,1.08000004291534,0.509999990463257,6.30000019073486,0,14,8,239,584,2885,552,595,NA
"426",4388161847,12961,9.97000026702881,0.730000019073486,1.39999997615814,7.84000015258789,0,11,31,301,1054,3288,NA,NA,NA
"427",4388161847,9461,7.28000020980835,0.939999997615814,1.05999994277954,5.26999998092651,0,14,23,224,673,2929,319,346,NA
"428",4388161847,11193,8.60999965667725,0.699999988079071,2.50999999046326,5.3899998664856,0,11,48,241,684,3074,439,500,NA
"429",4388161847,10074,7.75,1.28999996185303,0.430000007152557,6.03000020980835,0,19,9,234,878,2969,428,458,NA
"430",4388161847,9232,7.09999990463257,0.800000011920929,0.889999985694885,5.42000007629395,0,13,16,236,1175,2979,NA,NA,NA
"431",4388161847,12533,9.64000034332275,0.699999988079071,2,6.94000005722046,0,14,43,300,537,3283,409,430,NA
"432",4388161847,10255,7.8899998664856,1.00999999046326,0.680000007152557,6.19999980926514,0,12,15,241,579,2926,547,597,NA
"433",4388161847,10299,7.92000007629395,0.810000002384186,0.649999976158142,6.46000003814697,0,13,14,267,648,3061,354,375,NA
"434",4388161847,10201,7.84000015258789,0.529999971389771,0.790000021457672,6.53000020980835,0,8,18,256,858,2954,469,494,NA
"435",4388161847,3369,2.58999991416931,0,0,2.58999991416931,0,0,0,108,825,1623,NA,NA,NA
"436",4388161847,10096,8.39999961853027,3.76999998092651,0.0799999982118607,4.55000019073486,0,33,4,204,935,3147,368,376,NA
"437",4388161847,12727,9.78999996185303,1.12999999523163,0.779999971389771,7.88000011444092,0,18,18,306,984,3290,NA,NA,NA
"438",4388161847,12375,9.52000045776367,2.78999996185303,0.930000007152557,5.80000019073486,0,35,21,251,632,3162,390,414,NA
"439",4388161847,9603,7.38000011444092,0.629999995231628,1.66999995708466,5.09000015258789,0,12,39,199,896,2899,471,495,NA
"440",4388161847,13175,10.1300001144409,2.10999989509583,2.08999991416931,5.92999982833862,0,33,45,262,1100,3425,NA,NA,NA
"441",4388161847,22770,17.5400009155273,9.44999980926514,2.76999998092651,5.32999992370605,0,120,56,260,508,4022,472,496,NA
"442",4388161847,17298,14.3800001144409,9.89000034332275,1.25999999046326,3.23000001907349,0,107,38,178,576,3934,529,541,NA
"443",4388161847,10218,7.8600001335144,0.340000003576279,0.730000019073486,6.78999996185303,0,6,19,258,1020,3013,62,65,NA
"444",4445114986,3276,2.20000004768372,0,0,2.20000004768372,0,0,0,196,787,2113,429,457,NA
"445",4445114986,2961,1.99000000953674,0,0,1.99000000953674,0,0,0,194,840,2095,370,406,NA
"446",4445114986,3974,2.67000007629395,0,0,2.67000007629395,0,0,0,231,717,2194,441,492,NA
"447",4445114986,7198,4.82999992370605,0,0,4.82999992370605,0,0,0,350,711,2496,337,379,NA
"448",4445114986,3945,2.65000009536743,0,0,2.65000009536743,0,0,0,225,716,2180,462,499,NA
"449",4445114986,2268,1.51999998092651,0,0,1.51999998092651,0,0,0,114,1219,1933,98,107,NA
"450",4445114986,6155,4.23999977111816,2,0.28999999165535,1.95000004768372,0,25,6,162,1247,2248,NA,NA,NA
"451",4445114986,2064,1.38999998569489,0,0,1.38999998569489,0,0,0,121,895,1954,388,424,NA
"452",4445114986,2072,1.38999998569489,0,0,1.38999998569489,0,0,0,137,841,1974,439,462,NA
"453",4445114986,3809,2.55999994277954,0,0,2.53999996185303,0,0,0,215,756,2150,436,469,NA
"454",4445114986,6831,4.57999992370605,0,0,4.57999992370605,0,0,0,317,706,2432,388,417,NA
"455",4445114986,4363,2.9300000667572,0,0,2.9300000667572,0,0,0,201,1239,2149,NA,NA,NA
"456",4445114986,5002,3.35999989509583,0,0,3.35999989509583,0,0,0,244,1196,2247,NA,NA,NA
"457",4445114986,3385,2.26999998092651,0,0,2.26999998092651,0,0,0,179,916,2070,328,345,NA
"458",4445114986,6326,4.40999984741211,2.41000008583069,0.0399999991059303,1.96000003814697,0,29,1,180,839,2291,353,391,NA
"459",4445114986,7243,5.03000020980835,2.61999988555908,0.0299999993294477,2.38000011444092,0,32,1,194,839,2361,332,374,NA
"460",4445114986,4493,3.00999999046326,0,0,3.00999999046326,0,0,0,236,762,2203,419,442,NA
"461",4445114986,4676,3.14000010490417,0,0,3.13000011444092,0,0,0,226,1106,2196,106,108,NA
"462",4445114986,6222,4.17999982833862,0,0,4.17999982833862,0,0,0,290,797,2363,322,353,NA
"463",4445114986,5232,3.50999999046326,0,0,3.50999999046326,0,0,0,240,741,2246,439,459,NA
"464",4445114986,3915,2.63000011444092,0,0,2.63000011444092,0,0,0,231,783,2181,405,426,NA
"465",4445114986,9105,6.1100001335144,2.25,1,2.85999989509583,0,34,22,232,622,2499,499,530,NA
"466",4445114986,768,0.519999980926514,0,0,0.519999980926514,0,0,0,58,380,1212,483,501,NA
"467",4445114986,6910,4.75,2.21000003814697,0.189999997615814,2.34999990463257,0,27,4,200,667,2336,502,542,NA
"468",4445114986,7502,5.17999982833862,2.48000001907349,0.109999999403954,2.57999992370605,0,30,2,233,725,2421,417,450,NA
"469",4445114986,2923,1.96000003814697,0,0,1.96000003814697,0,0,0,180,897,2070,337,363,NA
"470",4445114986,3800,2.54999995231628,0.119999997317791,0.239999994635582,2.1800000667572,0,2,6,185,734,2120,462,513,NA
"471",4445114986,4514,3.02999997138977,0,0,3.02999997138977,0,0,0,229,809,2211,374,402,NA
"472",4445114986,5183,3.58999991416931,2.13000011444092,0.189999997615814,1.25,0,26,4,108,866,2123,401,436,NA
"473",4445114986,7303,4.90000009536743,0,0.25,4.65000009536743,0,0,8,308,733,2423,361,391,NA
"474",4445114986,5275,3.53999996185303,0,0,3.53999996185303,0,0,0,266,641,2281,457,533,NA
"475",4558609924,5135,3.39000010490417,0,0,3.39000010490417,0,0,0,318,1122,1909,NA,NA,NA
"476",4558609924,4978,3.28999996185303,1.24000000953674,0.439999997615814,1.61000001430511,0,19,7,127,1287,1722,NA,NA,NA
"477",4558609924,6799,4.48999977111816,0,0,4.48999977111816,0,0,0,279,1161,1922,NA,NA,NA
"478",4558609924,7795,5.15000009536743,0.589999973773956,0.839999973773956,3.73000001907349,0,17,30,262,1131,2121,NA,NA,NA
"479",4558609924,7289,4.82000017166138,0.550000011920929,0.75,3.5,0,8,12,308,1112,1997,NA,NA,NA
"480",4558609924,9634,6.40000009536743,0.550000011920929,1.13999998569489,4.71000003814697,0,7,19,304,1110,2117,NA,NA,NA
"481",4558609924,8940,5.90999984741211,0.980000019073486,0.930000007152557,4,0,14,15,331,1080,2116,NA,NA,153.662190014971
"482",4558609924,5401,3.5699999332428,0.0500000007450581,0.360000014305115,3.16000008583069,0,1,9,248,1182,1876,NA,NA,NA
"483",4558609924,4803,3.17000007629395,0,0,3.17000007629395,0,0,0,222,1218,1788,NA,NA,NA
"484",4558609924,13743,9.07999992370605,0.419999986886978,0.970000028610229,7.69999980926514,0,6,21,432,844,2486,126,137,NA
"485",4558609924,9601,6.34999990463257,1.37000000476837,1.5,3.47000002861023,0,20,25,273,1122,2094,NA,NA,NA
"486",4558609924,6890,4.55000019073486,0.340000003576279,0.200000002980232,4.01000022888184,0,5,5,308,1122,2085,NA,NA,NA
"487",4558609924,8563,5.65999984741211,0,0,5.65000009536743,0,0,0,395,1045,2173,NA,NA,NA
"488",4558609924,8095,5.34999990463257,0.589999973773956,0.25,4.51000022888184,0,18,10,340,993,2225,NA,NA,154.984977044029
"489",4558609924,9148,6.05000019073486,0.430000007152557,2.02999997138977,3.58999991416931,0,12,41,283,1062,2223,103,121,NA
"490",4558609924,9557,6.32000017166138,1.96000003814697,0.889999985694885,3.46000003814697,0,27,14,312,1087,2098,NA,NA,NA
"491",4558609924,9451,6.25,0.0199999995529652,0.270000010728836,5.94999980926514,0,1,11,367,985,2185,NA,NA,NA
"492",4558609924,7833,5.17999982833862,1.01999998092651,1.85000002384186,2.30999994277954,0,15,29,197,1096,1918,171,179,NA
"493",4558609924,10319,6.82000017166138,0.469999998807907,1.88999998569489,4.46000003814697,0,7,29,293,1111,2105,NA,NA,NA
"494",4558609924,3428,2.26999998092651,0,0,2.26999998092651,0,0,0,190,1121,1692,115,129,154.103124631302
"495",4558609924,6435,4.25,0.740000009536743,1.12000000476837,2.39000010490417,0,11,18,220,1191,1889,NA,NA,NA
"496",4558609924,9108,6.01999998092651,0.259999990463257,1.82000005245209,3.94000005722046,0,4,31,324,1081,2131,NA,NA,NA
"497",4558609924,6307,4.17000007629395,0,0,4.17000007629395,0,0,0,247,736,1452,NA,NA,NA
"498",4558609924,7891,5.21999979019165,0,0,5.21999979019165,0,0,0,383,1057,2066,NA,NA,152.559878704046
"499",4558609924,5267,3.48000001907349,0.600000023841858,0.280000001192093,2.59999990463257,0,21,10,237,1172,1953,NA,NA,NA
"500",4558609924,5232,3.46000003814697,0,0,3.46000003814697,0,0,0,252,1188,1842,NA,NA,NA
"501",4558609924,10611,7.01000022888184,1.00999999046326,0.5,5.51000022888184,0,14,8,370,1048,2262,NA,NA,NA
"502",4558609924,3755,2.48000001907349,0,0,2.48000001907349,0,0,0,202,1238,1722,NA,NA,NA
"503",4558609924,8237,5.44000005722046,1.61000001430511,1,2.82999992370605,0,23,16,233,1116,1973,NA,NA,NA
"504",4558609924,6543,4.32999992370605,1.79999995231628,0.5,2.01999998092651,0,66,35,238,1019,2666,123,134,NA
"505",4558609924,11451,7.57000017166138,0.430000007152557,1.62000000476837,5.51999998092651,0,6,30,339,1065,2223,NA,NA,152.339419805848
"506",4702921684,7213,5.88000011444092,0,0,5.84999990463257,0,0,0,263,718,2947,425,439,NA
"507",4702921684,6877,5.57999992370605,0,0,5.57999992370605,0,0,0,258,777,2898,400,430,NA
"508",4702921684,7860,6.36999988555908,0,0,6.36999988555908,0,0,0,271,772,2984,384,415,NA
"509",4702921684,6506,5.28000020980835,0.0700000002980232,0.419999986886978,4.78999996185303,0,1,8,256,944,2896,253,257,NA
"510",4702921684,11140,9.02999973297119,0.239999994635582,1.25,7.53999996185303,0,3,24,335,556,3328,382,406,NA
"511",4702921684,12692,10.289999961853,0.959999978542328,3.46000003814697,5.88000011444092,0,12,66,302,437,3394,591,612,NA
"512",4702921684,9105,7.38000011444092,1.82000005245209,1.49000000953674,4.07000017166138,0,22,30,191,890,3013,293,312,NA
"513",4702921684,6708,5.44000005722046,0.879999995231628,0.370000004768372,4.19000005722046,0,10,8,179,757,2812,457,487,NA
"514",4702921684,8793,7.13000011444092,0.159999996423721,1.23000001907349,5.73000001907349,0,2,29,260,717,3061,454,468,NA
"515",4702921684,6530,5.30000019073486,0.310000002384186,2.04999995231628,2.94000005722046,0,4,41,144,901,2729,425,434,NA
"516",4702921684,1664,1.35000002384186,0,0,1.35000002384186,0,0,0,72,1341,2241,NA,NA,NA
"517",4702921684,15126,12.2700004577637,0.759999990463257,3.24000000953674,8.27000045776367,0,9,66,408,469,3691,465,475,NA
"518",4702921684,15050,12.2200002670288,1.20000004768372,5.11999988555908,5.88000011444092,0,15,95,281,542,3538,480,506,NA
"519",4702921684,9167,7.42999982833862,0.490000009536743,0.819999992847443,6.1100001335144,0,6,15,270,730,3064,370,380,NA
"520",4702921684,6108,4.94999980926514,0.0700000002980232,0.349999994039536,4.53999996185303,0,1,8,216,765,2784,421,429,NA
"521",4702921684,7047,5.71999979019165,0.0900000035762787,0.800000011920929,4.78000020980835,0,1,16,238,733,2908,432,449,NA
"522",4702921684,9023,7.32000017166138,1.12999999523163,0.419999986886978,5.76999998092651,0,14,9,232,738,3033,442,461,NA
"523",4702921684,9930,8.05000019073486,1.05999994277954,0.920000016689301,6.07000017166138,0,12,19,267,692,3165,433,447,NA
"524",4702921684,10144,8.22999954223633,0.319999992847443,2.02999997138977,5.88000011444092,0,4,36,263,728,3115,479,501,NA
"526",4702921684,10613,8.60999965667725,0.0799999982118607,1.87999999523163,6.65000009536743,0,1,37,262,701,3172,416,431,NA
"527",4702921684,9810,7.96000003814697,0.779999971389771,2.16000008583069,4.98000001907349,0,10,41,235,784,3069,354,366,NA
"528",4702921684,2752,2.23000001907349,0,0,2.23000001907349,0,0,0,68,241,1240,404,442,NA
"529",4702921684,7245,5.92000007629395,0.379999995231628,1.74000000953674,3.75999999046326,0,5,40,195,1131,2859,NA,NA,NA
"530",4702921684,9454,7.67000007629395,0,0,7.67000007629395,0,0,0,313,729,3145,327,373,NA
"531",4702921684,8161,6.61999988555908,0.340000003576279,0.730000019073486,5.53999996185303,0,4,15,251,757,3004,412,434,NA
"532",4702921684,8614,6.98999977111816,0.670000016689301,0.219999998807907,6.09000015258789,0,8,5,241,745,3006,414,428,NA
"533",4702921684,6943,5.63000011444092,0.0799999982118607,0.660000026226044,4.86999988555908,0,1,16,207,682,2859,404,449,NA
"534",4702921684,14370,11.6499996185303,0.370000004768372,2.30999994277954,8.97000026702881,0,5,46,439,577,3683,520,543,NA
"535",4702921684,12857,10.4300003051758,0.680000007152557,6.21000003814697,3.53999996185303,0,9,125,192,1019,3287,NA,NA,NA
"536",4702921684,8232,6.67999982833862,0,0.569999992847443,6.09999990463257,0,0,12,253,746,2990,435,458,NA
"537",5553957443,11596,7.57000017166138,1.37000000476837,0.790000021457672,5.40999984741211,0,19,13,277,767,2026,441,464,NA
"538",5553957443,4832,3.16000008583069,0,0,3.16000008583069,0,0,0,226,647,1718,455,488,NA
"539",5553957443,17022,11.1199998855591,4,2.45000004768372,4.67000007629395,0,61,41,256,693,2324,357,418,NA
"540",5553957443,16556,10.8599996566772,4.15999984741211,1.98000001907349,4.71000003814697,0,58,38,239,689,2254,377,409,NA
"541",5553957443,5771,3.76999998092651,0,0,3.76999998092651,0,0,0,288,521,1831,651,686,NA
"542",5553957443,655,0.430000007152557,0,0,0.430000007152557,0,0,0,46,943,1397,350,402,NA
"543",5553957443,3727,2.4300000667572,0,0,2.4300000667572,0,0,0,206,622,1683,520,541,NA
"544",5553957443,15482,10.1099996566772,4.28000020980835,1.6599999666214,4.17999982833862,0,69,28,249,756,2284,357,410,NA
"545",5553957443,2713,1.76999998092651,0,0,1.76999998092651,0,0,0,148,598,1570,658,678,NA
"546",5553957443,12346,8.0600004196167,2.95000004768372,2.16000008583069,2.96000003814697,0,47,42,177,801,2066,399,431,NA
"547",5553957443,11682,7.63000011444092,1.37999999523163,0.629999995231628,5.59999990463257,0,25,16,270,781,2105,322,353,NA
"548",5553957443,4112,2.69000005722046,0,0,2.6800000667572,0,0,0,272,443,1776,631,725,NA
"549",5553957443,1807,1.17999994754791,0,0,1.17999994754791,0,0,0,104,582,1507,553,640,NA
"550",5553957443,10946,7.19000005722046,2.9300000667572,0.569999992847443,3.69000005722046,0,51,11,201,732,2033,433,468,NA
"551",5553957443,11886,7.76000022888184,2.36999988555908,0.930000007152557,4.46000003814697,0,40,18,238,750,2093,412,453,NA
"552",5553957443,10538,6.88000011444092,1.13999998569489,1,4.73999977111816,0,16,16,206,745,1922,347,391,NA
"553",5553957443,11393,7.63000011444092,3.71000003814697,0.75,3.17000007629395,0,49,13,165,727,1999,421,457,NA
"554",5553957443,12764,8.32999992370605,2.78999996185303,0.639999985694885,4.90999984741211,0,46,15,270,709,2169,450,495,NA
"555",5553957443,1202,0.779999971389771,0,0,0.779999971389771,0,0,0,84,506,1463,775,843,NA
"556",5553957443,5164,3.36999988555908,0,0,3.36999988555908,0,0,0,237,436,1747,622,686,NA
"557",5553957443,16358,10.710000038147,3.86999988555908,1.61000001430511,5.19999980926514,0,61,40,265,707,2335,418,443,NA
"558",5553957443,4926,3.22000002861023,0,0,3.22000002861023,0,0,0,195,628,1693,463,486,NA
"559",5553957443,3121,2.03999996185303,0.579999983310699,0.400000005960464,1.05999994277954,0,8,6,48,222,741,438,475,NA
"560",5553957443,9769,6.38000011444092,1.05999994277954,0.409999996423721,4.90000009536743,0,23,9,227,724,1996,409,471,NA
"561",5553957443,12848,8.39000034332275,1.5,1.20000004768372,5.67999982833862,0,26,29,247,812,2116,380,429,NA
"562",5553957443,4249,2.76999998092651,0,0,2.76999998092651,0,0,0,224,651,1698,447,470,NA
"563",5553957443,14331,9.51000022888184,3.4300000667572,1.6599999666214,4.42999982833862,0,44,29,241,692,2156,419,464,NA
"564",5553957443,9632,6.28999996185303,1.51999998092651,0.540000021457672,4.23000001907349,0,21,9,229,761,1916,400,434,NA
"565",5553957443,1868,1.22000002861023,0,0,1.22000002861023,0,0,0,96,902,1494,442,470,NA
"566",5553957443,6083,4,0.219999998807907,0.469999998807907,3.29999995231628,0,3,8,210,505,1762,568,608,NA
"567",5553957443,11611,7.57999992370605,2.13000011444092,0.889999985694885,4.55999994277954,0,59,22,251,667,2272,453,494,NA
"568",5577150313,8135,6.07999992370605,3.59999990463257,0.379999995231628,2.09999990463257,0,86,16,140,728,3405,419,438,NA
"569",5577150313,5077,3.78999996185303,0.319999992847443,0.219999998807907,3.25,0,15,11,144,776,2551,432,458,NA
"570",5577150313,8596,6.42000007629395,3.32999992370605,0.310000002384186,2.77999997138977,0,118,30,176,662,4022,477,497,NA
"571",5577150313,12087,9.07999992370605,3.92000007629395,1.60000002384186,3.55999994277954,0,115,54,199,695,4005,392,413,NA
"572",5577150313,14269,10.6599998474121,6.6399998664856,1.27999997138977,2.73000001907349,0,184,56,158,472,4274,406,445,NA
"573",5577150313,12231,9.14000034332275,5.98000001907349,0.829999983310699,2.3199999332428,0,200,37,159,525,4552,549,583,199.959265073821
"574",5577150313,9893,7.3899998664856,4.8600001335144,0.720000028610229,1.82000005245209,0,114,32,130,623,3625,527,553,NA
"575",5577150313,12574,9.42000007629395,7.01999998092651,0.639999985694885,1.75999999046326,0,108,23,111,733,3501,449,465,NA
"576",5577150313,8330,6.21999979019165,4.11999988555908,0.340000003576279,1.75999999046326,0,87,16,113,773,3192,447,480,NA
"577",5577150313,10830,8.09000015258789,3.65000009536743,1.6599999666214,2.77999997138977,0,110,74,175,670,4018,414,437,NA
"578",5577150313,9172,6.84999990463257,2.42000007629395,0.790000021457672,3.29999995231628,0,62,30,200,823,3329,338,366,NA
"579",5577150313,7638,5.71000003814697,1.21000003814697,0.360000014305115,4.1399998664856,0,24,24,223,627,3152,384,402,NA
"580",5577150313,15764,11.7799997329712,7.65000009536743,2.15000009536743,1.98000001907349,0,210,65,141,425,4392,543,615,NA
"581",5577150313,6393,4.78000020980835,1.35000002384186,0.670000016689301,2.75999999046326,0,61,38,214,743,3374,421,461,NA
"582",5577150313,5325,3.98000001907349,0.850000023841858,0.649999976158142,2.47000002861023,0,38,32,181,759,3088,354,377,NA
"583",5577150313,6805,5.1399998664856,1.80999994277954,0.400000005960464,2.9300000667572,0,63,16,190,773,3294,424,452,NA
"584",5577150313,9841,7.42999982833862,3.25,1.16999995708466,3.00999999046326,0,99,51,141,692,3580,361,372,NA
"585",5577150313,7924,5.92000007629395,2.83999991416931,0.610000014305115,2.47000002861023,0,97,36,165,739,3544,459,485,NA
"586",5577150313,12363,9.23999977111816,5.82999992370605,0.790000021457672,2.60999989509583,0,207,45,163,621,4501,412,433,NA
"587",5577150313,13368,9.98999977111816,5.30999994277954,1.44000005722046,3.24000000953674,0,194,72,178,499,4546,379,398,NA
"588",5577150313,8869,6.65000009536743,2.55999994277954,0.75,3.34999990463257,0,104,37,194,639,3841,504,562,NA
"589",5577150313,4038,3.03999996185303,1.83000004291534,0.300000011920929,0.889999985694885,0,45,15,63,257,1665,431,476,NA
"590",5577150313,7439,5.55999994277954,1.12000000476837,0.349999994039536,4.07000017166138,0,37,20,235,732,3014,525,553,NA
"591",5577150313,11045,8.25,4.51999998092651,0.150000005960464,3.5699999332428,0,97,8,212,580,3795,508,543,NA
"592",5577150313,5206,3.89000010490417,1.55999994277954,0.25,2.07999992370605,0,25,9,141,631,2755,603,634,NA
"593",5577150313,7550,5.6399998664856,2.5,0.469999998807907,2.67000007629395,0,45,21,143,1153,3004,74,78,NA
"594",5577150313,4950,3.70000004768372,1.92999994754791,0.319999992847443,1.45000004768372,0,41,16,79,1304,2643,NA,NA,NA
"597",5577150313,3421,2.55999994277954,1.42999994754791,0.140000000596046,0.990000009536743,0,34,11,70,1099,2489,NA,NA,NA
"601",6117666160,14019,10.5900001525879,0,0.280000001192093,10.3000001907349,0,0,6,513,921,2865,NA,NA,NA
"602",6117666160,14450,10.9099998474121,0.579999983310699,0.850000023841858,9.47999954223633,0,7,15,518,502,2828,380,398,NA
"603",6117666160,7150,5.40000009536743,0,0,5.40000009536743,0,0,0,312,702,2225,336,350,NA
"604",6117666160,5153,3.91000008583069,0,0,3.89000010490417,0,0,0,241,759,2018,493,510,NA
"605",6117666160,11135,8.40999984741211,0,0,8.40999984741211,0,0,0,480,425,2606,465,492,NA
"606",6117666160,10449,8.02000045776367,2.02999997138977,0.479999989271164,5.51999998092651,0,26,10,349,587,2536,474,502,NA
"607",6117666160,19542,15.0100002288818,0.980000019073486,0.400000005960464,5.61999988555908,0,11,19,294,579,4900,508,550,NA
"608",6117666160,8206,6.19999980926514,0,0,6.19999980926514,0,0,0,402,413,2409,480,546,NA
"609",6117666160,11495,8.68000030517578,0,0,8.68000030517578,0,0,0,512,468,2651,492,539,NA
"610",6117666160,7623,5.76000022888184,0,0,5.76000022888184,0,0,0,362,711,2305,353,367,NA
"612",6117666160,9543,7.21000003814697,0,0.340000003576279,6.86999988555908,0,0,7,352,1077,2450,NA,NA,NA
"613",6117666160,9411,7.1100001335144,0,0,7.1100001335144,0,0,0,458,417,2576,542,557,NA
"614",6117666160,3403,2.59999990463257,0,0,2.59999990463257,0,0,0,141,758,1879,393,416,NA
"615",6117666160,9592,7.23999977111816,0,0,7.23999977111816,0,0,0,461,479,2560,600,636,NA
"616",6117666160,6987,5.28000020980835,0,0,5.28000020980835,0,0,0,343,1040,2275,NA,NA,NA
"617",6117666160,8915,6.73000001907349,0,0,6.73000001907349,0,0,0,397,525,2361,507,575,NA
"618",6117666160,4933,3.73000001907349,0,0,3.73000001907349,0,0,0,236,1204,2044,NA,NA,NA
"620",6117666160,2997,2.25999999046326,0,0,2.25999999046326,0,0,0,156,1279,1902,NA,NA,NA
"621",6117666160,9799,7.40000009536743,0,0,7.40000009536743,0,0,0,487,479,2636,392,415,NA
"622",6117666160,3365,2.6800000667572,0,0,2.6800000667572,0,0,0,133,673,1838,658,698,NA
"623",6117666160,7336,5.53999996185303,0,0,5.53999996185303,0,0,0,412,456,2469,498,507,NA
"624",6117666160,7328,5.53000020980835,0,0,5.53000020980835,0,0,0,318,517,2250,555,603,NA
"625",6117666160,4477,3.38000011444092,0,0,3.38000011444092,0,0,0,197,125,1248,492,522,NA
"626",6290855005,4562,3.45000004768372,0,0,3.45000004768372,0,0,0,199,1241,2560,NA,NA,NA
"627",6290855005,7142,5.40000009536743,0,0,5.3899998664856,0.00999999977648258,0,0,350,1090,2905,NA,NA,NA
"628",6290855005,7671,5.80000019073486,0,0,5.76999998092651,0.0299999993294477,0,0,363,1077,2952,NA,NA,NA
"629",6290855005,9501,7.17999982833862,0,0,7.17000007629395,0.00999999977648258,0,0,328,1112,2896,NA,NA,NA
"630",6290855005,8301,6.28000020980835,0,0,6.26999998092651,0.00999999977648258,0,0,258,1182,2783,NA,NA,NA
"631",6290855005,7851,5.94000005722046,1.13999998569489,0.790000021457672,4,0,31,12,225,1172,3171,NA,NA,NA
"632",6290855005,6885,5.21000003814697,0,0,5.19000005722046,0.0199999995529652,0,0,271,1169,2766,NA,NA,NA
"633",6290855005,7142,5.40000009536743,0,0,5.3899998664856,0.00999999977648258,0,0,321,1119,2839,NA,NA,NA
"634",6290855005,6361,4.80999994277954,0,0,4.80000019073486,0.00999999977648258,0,0,258,1182,2701,NA,NA,NA
"636",6290855005,6238,4.71999979019165,0,0,4.71999979019165,0,0,0,302,1138,2796,NA,NA,NA
"638",6290855005,5896,4.46000003814697,0,0,4.46000003814697,0,0,0,258,1182,2703,NA,NA,NA
"639",6290855005,7802,5.90000009536743,0.680000007152557,0.180000007152557,5.03000020980835,0.00999999977648258,8,3,249,1180,2771,NA,NA,NA
"641",6290855005,5565,4.21000003814697,0,0,4.17999982833862,0.0299999993294477,0,0,287,1153,2743,NA,NA,NA
"642",6290855005,5731,4.32999992370605,0,0,4.32999992370605,0,0,0,255,1185,2687,NA,NA,NA
"644",6290855005,6744,5.09999990463257,0,0,5.09000015258789,0.00999999977648258,0,0,324,1116,2843,NA,NA,NA
"645",6290855005,9837,7.44000005722046,0.660000026226044,2.75,4,0.0199999995529652,8,95,282,1055,3327,NA,NA,NA
"647",6290855005,6781,5.13000011444092,0,0,5.1100001335144,0.0199999995529652,0,0,268,1172,2725,NA,NA,NA
"648",6290855005,6047,4.57000017166138,0,0,4.57000017166138,0,0,0,240,1200,2671,NA,NA,NA
"649",6290855005,5832,4.40999984741211,0,0,4.40000009536743,0.00999999977648258,0,0,272,1168,2718,NA,NA,NA
"650",6290855005,6339,4.78999996185303,0,0,4.78999996185303,0,0,0,239,1201,2682,NA,NA,NA
"651",6290855005,6116,4.61999988555908,0,0,4.59000015258789,0.0299999993294477,0,0,305,1135,2806,NA,NA,NA
"652",6290855005,5510,4.17000007629395,0,0,4.15999984741211,0,0,0,227,1213,2613,NA,NA,NA
"653",6290855005,7706,5.82999992370605,0,0,5.82000017166138,0,0,0,251,1189,2712,NA,NA,NA
"654",6290855005,6277,4.75,0,0,4.73000001907349,0.0199999995529652,0,0,264,800,2175,NA,NA,NA
"656",6775888955,4053,2.91000008583069,1.11000001430511,0.579999983310699,1.22000002861023,0,17,18,85,1053,2400,235,260,NA
"657",6775888955,5162,3.70000004768372,0.870000004768372,0.860000014305115,1.97000002861023,0,14,24,105,863,2507,423,441,NA
"658",6775888955,1282,0.920000016689301,0,0,0.920000016689301,0,0,0,58,976,2127,391,406,NA
"659",6775888955,4732,3.39000010490417,2.51999998092651,0.810000002384186,0.0599999986588955,0,36,18,9,1377,2225,NA,NA,NA
"660",6775888955,2497,1.78999996185303,0.349999994039536,1.12999999523163,0.310000002384186,0,5,24,19,1392,2067,NA,NA,NA
"661",6775888955,8294,5.94999980926514,2,0.769999980926514,3.17000007629395,0,30,31,146,1233,2798,NA,NA,NA
"663",6775888955,10771,7.71999979019165,3.76999998092651,1.74000000953674,2.22000002861023,0,70,113,178,1079,3727,NA,NA,NA
"665",6775888955,637,0.46000000834465,0,0,0.46000000834465,0,0,0,20,1420,1922,NA,NA,NA
"667",6775888955,2153,1.53999996185303,0.769999980926514,0.620000004768372,0.150000005960464,0,11,18,11,1400,2053,NA,NA,NA
"668",6775888955,6474,4.6399998664856,2.26999998092651,0.46000000834465,1.89999997615814,0,33,13,92,1302,2484,NA,NA,NA
"669",6775888955,7091,5.26999998092651,3.48000001907349,0.870000004768372,0.730000019073486,0,42,30,47,1321,2584,NA,NA,NA
"671",6775888955,703,0.5,0.0599999986588955,0.200000002980232,0.239999994635582,0,2,13,15,1410,1993,NA,NA,NA
"673",6775888955,2503,1.78999996185303,0.159999996423721,0.159999996423721,1.48000001907349,0,3,9,84,1344,2280,NA,NA,NA
"674",6775888955,2487,1.77999997138977,0.479999989271164,0.620000004768372,0.680000007152557,0,9,34,50,1347,2319,NA,NA,NA
"676",6775888955,9,0.00999999977648258,0,0,0.00999999977648258,0,0,0,1,1439,1843,NA,NA,NA
"679",6775888955,4697,3.36999988555908,0.469999998807907,0.930000007152557,1.92999994754791,0,12,35,75,1318,2496,NA,NA,NA
"680",6775888955,1967,1.4099999666214,0.129999995231628,0.239999994635582,1.04999995231628,0,2,5,49,551,1032,NA,NA,NA
"681",6962181067,10199,6.73999977111816,3.40000009536743,0.829999983310699,2.50999999046326,0,50,14,189,796,1994,366,387,137.788913865625
"682",6962181067,5652,3.74000000953674,0.569999992847443,1.21000003814697,1.96000003814697,0,8,24,142,548,1718,630,679,136.907061452898
"683",6962181067,1551,1.02999997138977,0,0,1.02999997138977,0,0,0,86,862,1466,508,535,136.025217450139
"684",6962181067,5563,3.6800000667572,0,0,3.6800000667572,0,0,0,217,837,1756,370,386,135.584291243775
"685",6962181067,13217,8.73999977111816,3.66000008583069,0.189999997615814,4.88000011444092,0,50,3,280,741,2173,357,366,136.6866025547
"686",6962181067,10145,6.71000003814697,0.330000013113022,0.680000007152557,5.69000005722046,0,5,13,295,634,2027,427,446,135.363832345577
"687",6962181067,11404,7.53999996185303,0.829999983310699,2.39000010490417,4.32000017166138,0,13,42,238,689,2039,442,458,134.922906139214
"688",6962181067,10742,7.09999990463257,2.09999990463257,2.13000011444092,2.86999988555908,0,35,41,195,659,2046,476,535,135.363832345577
"689",6962181067,13928,9.55000019073486,4.28000020980835,0.189999997615814,5.09000015258789,0,48,4,297,639,2174,418,424,136.025217450139
"690",6962181067,11835,9.71000003814697,3.99000000953674,2.09999990463257,3.50999999046326,0.109999999403954,53,27,214,708,2179,451,457,135.363832345577
"691",6962181067,10725,7.09000015258789,1.76999998092651,1.54999995231628,3.76999998092651,0,30,33,240,659,2086,425,435,135.363832345577
"692",6962181067,20031,13.2399997711182,4.19999980926514,2,7.03999996185303,0,58,41,347,484,2571,528,546,135.584291243775
"693",6962181067,5029,3.3199999332428,0,0,3.3199999332428,0,0,0,199,720,1705,511,514,135.584291243775
"694",6962181067,13239,9.27000045776367,3.01999998092651,1.67999994754791,4.46000003814697,0.100000001490116,35,31,282,637,2194,400,415,136.025217450139
"695",6962181067,10433,6.90000009536743,2.57999992370605,0.419999986886978,3.90000009536743,0,36,7,254,680,2012,441,446,NA
"696",6962181067,10320,6.82000017166138,0.550000011920929,2.01999998092651,4.25,0,7,38,279,697,2034,455,467,134.922906139214
"697",6962181067,12627,8.35000038146973,2.50999999046326,0.239999994635582,5.59000015258789,0,38,8,288,621,2182,440,453,134.922906139214
"698",6962181067,10762,7.1100001335144,0.819999992847443,0.479999989271164,5.80999994277954,0,12,15,369,645,2254,433,447,135.363832345577
"699",6962181067,10081,6.65999984741211,2.24000000953674,0.759999990463257,3.67000007629395,0,32,16,237,731,2002,422,424,134.48197993285
"700",6962181067,5454,3.60999989509583,0,0,3.60999989509583,0,0,0,215,722,1740,411,426,136.025217450139
"701",6962181067,15448,10.210000038147,3.47000002861023,1.75,4.98999977111816,0,62,34,275,626,2361,469,481,136.907061452898
"702",6962181067,6722,4.44000005722046,1.49000000953674,0.310000002384186,2.65000009536743,0,24,7,199,709,1855,452,480,136.466143656502
"703",6962181067,3587,2.36999988555908,0,0.25,2.10999989509583,0,0,8,105,127,928,516,535,136.466143656502
"704",6962181067,12912,8.53999996185303,1.20000004768372,2,5.34000015258789,0,18,39,313,655,2162,466,482,135.584291243775
"705",6962181067,12109,8.11999988555908,1.74000000953674,2.03999996185303,4.32999992370605,0,21,36,267,654,2072,394,418,134.48197993285
"706",6962181067,10147,6.71000003814697,0.469999998807907,1.67999994754791,4.55000019073486,0,15,36,284,683,2086,442,455,134.702438831048
"707",6962181067,10524,6.96000003814697,0.990000009536743,1.1599999666214,4.80999994277954,0,14,22,305,591,2066,467,491,135.143365037411
"708",6962181067,5908,3.91000008583069,0,0,3.91000008583069,0,0,0,299,717,1850,443,462,135.584291243775
"709",6962181067,6815,4.5,0,0,4.5,0,0,0,328,745,1947,298,334,134.922906139214
"710",6962181067,4188,2.76999998092651,0,0.519999980926514,2.25,0,0,14,151,709,1659,541,569,134.922906139214
"711",6962181067,12342,8.72000026702881,3.90000009536743,1.17999994754791,3.65000009536743,0,43,21,231,607,2105,489,497,137.568454967427
"712",7007744171,14172,10.289999961853,4.5,0.379999995231628,5.40999984741211,0,53,8,355,1024,2937,NA,NA,NA
"713",7007744171,12862,9.64999961853027,4.6100001335144,0.560000002384186,4.48000001907349,0,56,22,261,1101,2742,NA,NA,NA
"714",7007744171,11179,8.23999977111816,2.95000004768372,0.340000003576279,4.96000003814697,0,34,6,304,1096,2668,NA,NA,NA
"715",7007744171,5273,3.52999997138977,0,0,3.52999997138977,0,0,0,202,1238,2098,NA,NA,NA
"716",7007744171,4631,3.09999990463257,0,0,3.09999990463257,0,0,0,203,1155,2076,79,82,NA
"717",7007744171,8059,5.3899998664856,0,0,5.3899998664856,0,0,0,305,1135,2383,NA,NA,NA
"718",7007744171,14816,10.9799995422363,3.78999996185303,2.11999988555908,5.05000019073486,0.0199999995529652,48,31,284,1077,2832,NA,NA,NA
"719",7007744171,14194,10.4799995422363,4.40999984741211,0.759999990463257,5.30999994277954,0,53,17,304,1066,2812,NA,NA,NA
"720",7007744171,15566,11.3100004196167,4.78999996185303,0.670000016689301,5.8600001335144,0,60,33,347,1000,3096,NA,NA,NA
"721",7007744171,13744,9.1899995803833,2.15000009536743,1.87000000476837,5.17000007629395,0,30,34,327,1049,2763,NA,NA,NA
"722",7007744171,15299,10.2399997711182,4.09999990463257,1.75999999046326,4.36999988555908,0,64,50,261,1065,2889,NA,NA,NA
"723",7007744171,8093,5.40999984741211,0.129999995231628,1.12999999523163,4.15000009536743,0,2,25,223,1190,2284,NA,NA,NA
"724",7007744171,11085,7.42000007629395,0,0,7.42000007629395,0,0,0,419,1021,2667,NA,NA,NA
"725",7007744171,18229,13.3400001525879,4.30999994277954,1.37000000476837,7.67000007629395,0,51,24,379,986,3055,NA,NA,NA
"726",7007744171,15090,10.1000003814697,0.930000007152557,0.939999997615814,8.22999954223633,0,16,22,424,978,2939,NA,NA,NA
"727",7007744171,13541,10.2200002670288,4.26999998092651,0.660000026226044,5.28999996185303,0,50,12,337,1041,2830,NA,NA,NA
"728",7007744171,15128,10.1199998855591,1.0900000333786,0.769999980926514,8.26000022888184,0,16,16,401,1007,2836,NA,NA,NA
"729",7007744171,20067,14.3000001907349,4.30999994277954,2.04999995231628,7.94999980926514,0,55,42,382,961,3180,NA,NA,NA
"730",7007744171,3761,2.51999998092651,0,0,2.51999998092651,0,0,0,200,1240,2051,NA,NA,NA
"731",7007744171,5600,3.75,0,0,3.75,0,0,0,237,1142,2225,58,61,NA
"732",7007744171,13041,9.18000030517578,4.6399998664856,0.699999988079071,3.82999992370605,0,64,14,250,1112,2642,NA,NA,NA
"733",7007744171,14510,10.8699998855591,4.48000001907349,1.01999998092651,5.3600001335144,0,58,31,330,1021,2976,NA,NA,NA
"735",7007744171,15010,11.1000003814697,4.32999992370605,1.28999996185303,5.48000001907349,0,53,23,317,1047,2933,NA,NA,NA
"736",7007744171,11459,7.67000007629395,3,0.810000002384186,3.85999989509583,0,44,13,247,1136,2553,NA,NA,NA
"738",7086361926,11317,8.40999984741211,5.26999998092651,0.150000005960464,2.97000002861023,0,59,6,153,745,2772,514,525,NA
"739",7086361926,5813,3.61999988555908,0.560000002384186,0.209999993443489,2.83999991416931,0,31,26,155,744,2516,451,465,NA
"740",7086361926,9123,6.11999988555908,2.02999997138977,0.330000013113022,3.66000008583069,0,35,32,189,787,2734,472,476,NA
"741",7086361926,8585,5.67000007629395,2.03999996185303,1.11000001430511,2.52999997138977,0,30,21,139,864,2395,377,386,NA
"742",7086361926,31,0.00999999977648258,0,0,0.00999999977648258,0,0,0,3,1437,1635,NA,NA,NA
"744",7086361926,9827,6.71000003814697,3.17000007629395,1.22000002861023,2.30999994277954,0,61,51,114,1136,2743,NA,NA,NA
"745",7086361926,10688,7.28999996185303,3.52999997138977,1.23000001907349,2.50999999046326,0,67,69,124,671,2944,472,483,NA
"746",7086361926,14365,10.6400003433228,7.6399998664856,0.449999988079071,2.53999996185303,0,87,13,145,797,2997,492,502,NA
"747",7086361926,9469,6.17999982833862,1.36000001430511,0.300000011920929,4.51000022888184,0,19,6,206,758,2463,390,411,NA
"748",7086361926,9753,6.53000020980835,2.86999988555908,0.970000028610229,2.67000007629395,0,58,59,153,762,2846,428,448,NA
"749",7086361926,2817,1.80999994277954,0,0,1.79999995231628,0,0,0,90,1350,1965,NA,NA,NA
"750",7086361926,3520,2.16000008583069,0,0,2.15000009536743,0,0,0,125,566,2049,681,704,NA
"751",7086361926,10091,6.82000017166138,3.75,0.699999988079071,2.36999988555908,0,69,39,129,706,2752,446,447,NA
"752",7086361926,10387,7.07000017166138,4.15999984741211,0.769999980926514,2.11999988555908,0,70,33,132,726,2781,485,500,NA
"753",7086361926,11107,8.34000015258789,5.63000011444092,0.180000007152557,2.52999997138977,0,55,6,145,829,2693,469,479,NA
"754",7086361926,11584,7.80000019073486,2.78999996185303,1.63999998569489,3.35999989509583,0,54,48,161,810,2862,354,367,NA
"755",7086361926,7881,4.94999980926514,0.490000009536743,0.449999988079071,4,0,24,36,182,1198,2616,NA,NA,NA
"756",7086361926,14560,9.40999984741211,3.11999988555908,1.03999996185303,5.23999977111816,0,42,17,308,584,2995,485,489,NA
"757",7086361926,12390,8.06999969482422,2.29999995231628,0.899999976158142,4.84999990463257,0,30,15,258,685,2730,388,407,NA
"758",7086361926,14433,10.789999961853,7.1100001335144,1.20000004768372,2.45000004768372,0,72,23,106,1182,2800,NA,NA,NA
"759",7086361926,9572,6.51999998092651,2.89000010490417,1.38999998569489,2.23000001907349,0,57,40,128,757,2735,451,463,NA
"760",7086361926,3789,2.55999994277954,0.379999995231628,0.270000010728836,1.88999998569489,0,5,4,58,343,1199,444,457,NA
"761",7086361926,10052,6.80999994277954,3.48000001907349,0.660000026226044,2.66000008583069,0,66,26,139,737,2754,440,459,NA
"762",7086361926,10288,6.76000022888184,2.74000000953674,0.850000023841858,3.16000008583069,0,57,36,152,761,2754,456,461,NA
"763",7086361926,10988,8.3100004196167,5.28000020980835,0.119999997317791,2.90000009536743,0,45,12,135,843,2655,420,436,NA
"764",7086361926,8564,5.59999990463257,1.77999997138977,0.829999983310699,2.95000004768372,0,24,14,149,1253,2386,NA,NA,NA
"765",7086361926,12461,8.38000011444092,3.8199999332428,1.42999994754791,3.11999988555908,0,84,35,154,834,2924,322,333,NA
"766",7086361926,12827,8.47999954223633,1.46000003814697,2.32999992370605,4.67999982833862,0,20,42,209,621,2739,530,548,NA
"767",7086361926,10677,7.09999990463257,2.30999994277954,1.52999997138977,3.25,0,32,27,147,695,2534,481,510,NA
"768",7086361926,13566,9.10999965667725,4.26000022888184,1.71000003814697,3.11999988555908,0,67,50,171,743,2960,427,438,NA
"769",8053475328,18060,14.1199998855591,11.6400003433228,0.389999985694885,2.09999990463257,0,116,8,123,1193,3186,NA,NA,NA
"770",8053475328,16433,13.3500003814697,10.4300003051758,0.469999998807907,2.45000004768372,0,95,12,156,1177,3140,NA,NA,NA
"771",8053475328,20159,15.9700002670288,12.3400001525879,0.209999993443489,3.35999989509583,0,119,5,193,1123,3411,NA,NA,NA
"772",8053475328,20669,16.2399997711182,13.2600002288818,0.389999985694885,2.58999991416931,0,132,8,158,1142,3410,NA,NA,NA
"773",8053475328,14549,11.1099996566772,9.35999965667725,0.270000010728836,1.49000000953674,0,96,6,83,1255,2867,NA,NA,NA
"774",8053475328,18827,13.6899995803833,9.23999977111816,0.800000011920929,3.64000010490417,0,111,21,195,1113,3213,NA,NA,NA
"775",8053475328,17076,12.6599998474121,9.07999992370605,0.230000004172325,3.34999990463257,0,102,6,195,1137,3133,NA,NA,NA
"776",8053475328,15929,12.4799995422363,9.22000026702881,0.310000002384186,2.95000004768372,0,90,7,191,1152,3114,NA,NA,NA
"777",8053475328,15108,12.1899995803833,9.57999992370605,0.230000004172325,2.38000011444092,0,89,5,158,695,3043,486,493,NA
"778",8053475328,16057,12.5100002288818,9.67000007629395,0.25,2.57999992370605,0,100,6,170,1164,3103,NA,NA,NA
"779",8053475328,10520,8.28999996185303,6.26000022888184,0.150000005960464,1.87999999523163,0,60,3,117,1260,2655,NA,NA,NA
"780",8053475328,22359,17.1900005340576,12.539999961853,0.629999995231628,4.01999998092651,0,125,14,223,741,3554,331,337,NA
"781",8053475328,22988,17.9500007629395,13.1300001144409,1.54999995231628,3.25999999046326,0,129,33,182,1096,3577,NA,NA,NA
"782",8053475328,20500,15.6899995803833,11.3699998855591,0.46000000834465,3.85999989509583,0,118,9,209,1104,3403,NA,NA,NA
"783",8053475328,12685,9.61999988555908,6.30999994277954,0.200000002980232,3.09999990463257,0,68,5,185,1182,2846,NA,NA,NA
"784",8053475328,12422,9.81999969482422,6.46000003814697,0.430000007152557,2.9300000667572,0,60,10,183,1187,2852,NA,NA,NA
"785",8053475328,15447,12.3999996185303,9.67000007629395,0.389999985694885,2.34999990463257,0,90,9,153,1188,3062,NA,NA,NA
"786",8053475328,12315,9.64999961853027,6.17000007629395,0.310000002384186,3.17000007629395,0,58,8,159,1215,2794,NA,NA,NA
"787",8053475328,7135,5.59000015258789,2.99000000953674,0.0599999986588955,2.53999996185303,0,27,1,131,1281,2408,NA,NA,NA
"788",8053475328,1170,0.850000023841858,0,0,0.850000023841858,0,0,0,51,1389,1886,NA,NA,NA
"789",8053475328,14810,11.3599996566772,9.09000015258789,0.419999986886978,1.85000002384186,0,96,10,115,1219,2926,NA,NA,NA
"790",8053475328,12209,9.39999961853027,6.07999992370605,0.280000001192093,3.03999996185303,0,60,7,184,1189,2809,NA,NA,NA
"791",8053475328,4998,3.91000008583069,2.95000004768372,0.200000002980232,0.759999990463257,0,28,4,39,839,1505,NA,NA,NA
"792",8053475328,1969,1.42999994754791,0,0,1.42999994754791,0,0,0,95,1345,1988,NA,NA,NA
"793",8053475328,15484,11.8999996185303,8.39000034332275,0.930000007152557,2.58999991416931,0,87,22,165,1166,3023,NA,NA,NA
"794",8053475328,14581,11.1499996185303,8.81999969482422,0.400000005960464,1.9099999666214,0,89,8,123,1220,2918,NA,NA,NA
"795",8053475328,14990,11.5100002288818,8.85000038146973,0.449999988079071,2.21000003814697,0,93,9,130,1208,2950,NA,NA,NA
"796",8053475328,13953,11,9.10000038146973,0.689999997615814,1.21000003814697,0,90,15,90,1245,2859,NA,NA,NA
"797",8053475328,19769,15.6700000762939,12.4399995803833,0.879999995231628,2.34999990463257,0,121,20,148,1076,3331,74,75,NA
"798",8053475328,22026,17.6499996185303,13.3999996185303,0.589999973773956,3.66000008583069,0,125,14,228,1073,3589,NA,NA,NA
"799",8053475328,12465,9.38000011444092,6.11999988555908,0.569999992847443,2.69000005722046,0,66,12,148,1214,2765,NA,NA,NA
"800",8253242879,9033,7.15999984741211,5.42999982833862,0.140000000596046,1.5900000333786,0,40,2,154,1244,2044,NA,NA,NA
"801",8253242879,8053,6.09999990463257,4.17000007629395,0.629999995231628,1.30999994277954,0,35,11,96,1298,1935,NA,NA,NA
"802",8253242879,5234,3.46000003814697,1.92999994754791,0.990000009536743,0.540000021457672,0,29,16,33,1362,1705,NA,NA,NA
"803",8253242879,2672,1.76999998092651,0,0,1.75999999046326,0,0,0,105,1335,1632,NA,NA,NA
"804",8253242879,9256,6.1399998664856,0.430000007152557,3.26999998092651,2.45000004768372,0,6,51,115,1268,1880,NA,NA,NA
"805",8253242879,10204,7.90999984741211,5.42999982833862,0.150000005960464,2.32999992370605,0,41,5,157,1237,2112,NA,NA,NA
"806",8253242879,5151,3.48000001907349,1.03999996185303,0.629999995231628,1.79999995231628,0,16,16,130,1278,1829,NA,NA,NA
"807",8253242879,4212,2.77999997138977,0,0,2.77999997138977,0,0,0,164,1276,1763,NA,NA,NA
"808",8253242879,6466,4.26999998092651,0.330000013113022,0.819999992847443,3.10999989509583,0.00999999977648258,5,18,216,1201,1931,NA,NA,NA
"809",8253242879,11268,8.5600004196167,5.88000011444092,0.930000007152557,1.75,0,49,20,172,1199,2218,NA,NA,NA
"810",8253242879,2824,1.87000000476837,0,0,1.87000000476837,0,0,0,120,1320,1651,NA,NA,NA
"811",8253242879,9282,6.26000022888184,2.08999991416931,1.03999996185303,3.13000011444092,0,30,26,191,1193,2132,NA,NA,NA
"812",8253242879,8905,7.13000011444092,5.59999990463257,0.189999997615814,1.3400000333786,0,41,4,82,1313,1976,NA,NA,NA
"813",8253242879,6829,4.51000022888184,0.360000014305115,2.39000010490417,1.76999998092651,0,7,54,118,1261,1909,NA,NA,NA
"814",8253242879,4562,3.03999996185303,1.17999994754791,0.490000009536743,1.37000000476837,0,19,14,108,1299,1813,NA,NA,NA
"815",8253242879,10232,8.18000030517578,6.23999977111816,0.230000004172325,1.70000004768372,0,45,5,104,1286,2008,NA,NA,NA
"816",8253242879,2718,1.79999995231628,0.670000016689301,0.779999971389771,0.340000003576279,0,11,16,20,1393,1580,NA,NA,NA
"817",8253242879,6260,4.26000022888184,1.28999996185303,0.540000021457672,2.40000009536743,0,16,14,136,1257,1854,NA,NA,NA
"819",8378563200,7626,6.05000019073486,0.829999983310699,0.709999978542328,4.5,0,65,15,156,723,3635,338,356,NA
"820",8378563200,12386,9.81999969482422,4.96000003814697,0.649999976158142,4.21000003814697,0,116,14,169,680,4079,447,487,NA
"821",8378563200,13318,10.5600004196167,5.61999988555908,1.02999997138977,3.91000008583069,0,123,21,174,699,4163,424,455,NA
"822",8378563200,14461,11.4700002670288,4.90999984741211,1.14999997615814,5.40999984741211,0,60,23,190,729,3666,513,533,NA
"823",8378563200,11207,8.89000034332275,5.36999988555908,1.07000005245209,2.44000005722046,0,64,21,142,563,3363,611,689,NA
"824",8378563200,2132,1.69000005722046,0,0,1.69000005722046,0,0,0,93,599,2572,525,591,NA
"825",8378563200,13630,10.8100004196167,5.05000019073486,0.560000002384186,5.19999980926514,0,117,10,174,720,4157,398,451,NA
"826",8378563200,13070,10.3599996566772,5.30000019073486,0.879999995231628,4.17999982833862,0,120,19,154,737,4092,387,421,NA
"827",8378563200,9388,7.44000005722046,2.23000001907349,0.439999997615814,4.78000020980835,0,82,8,169,763,3787,381,409,NA
"828",8378563200,15148,12.0100002288818,6.90000009536743,0.819999992847443,4.28999996185303,0,137,16,145,677,4236,396,417,NA
"829",8378563200,12200,9.67000007629395,4.90999984741211,0.589999973773956,4.17999982833862,0,113,12,159,769,4044,441,469,NA
"830",8378563200,5709,4.53000020980835,1.51999998092651,0.519999980926514,2.48000001907349,0,19,10,136,740,2908,565,591,NA
"831",8378563200,3703,2.94000005722046,0,0,2.94000005722046,0,0,0,135,734,2741,458,492,NA
"832",8378563200,12405,9.84000015258789,5.05000019073486,0.870000004768372,3.92000007629395,0,117,16,141,692,4005,388,402,NA
"833",8378563200,16208,12.8500003814697,7.51000022888184,0.920000016689301,4.42000007629395,0,90,18,161,593,3763,550,584,NA
"834",8378563200,7359,5.84000015258789,0.330000013113022,0.180000007152557,5.32999992370605,0,4,4,192,676,3061,531,600,NA
"835",8378563200,5417,4.30000019073486,0.899999976158142,0.490000009536743,2.91000008583069,0,11,10,139,711,2884,506,556,NA
"836",8378563200,6175,4.90000009536743,0.25,0.360000014305115,4.26999998092651,0,3,7,172,767,2982,527,562,NA
"837",8378563200,2946,2.33999991416931,0,0,2.33999991416931,0,0,0,121,780,2660,468,555,NA
"838",8378563200,11419,9.0600004196167,6.03000020980835,0.560000002384186,2.47000002861023,0,71,10,127,669,3369,475,539,NA
"839",8378563200,6582,5.21999979019165,0.660000026226044,0.639999985694885,3.92000007629395,0,63,13,152,840,3586,342,391,NA
"840",8378563200,9143,7.25,1.38999998569489,0.589999973773956,5.26999998092651,0,72,10,184,763,3788,368,387,NA
"841",8378563200,4561,3.61999988555908,0.649999976158142,0.270000010728836,2.69000005722046,0,8,6,102,433,1976,496,546,NA
"842",8378563200,6064,4.80999994277954,0.629999995231628,0.170000001788139,4.01000022888184,0,63,4,142,802,3491,351,385,NA
"843",8378563200,8712,6.90999984741211,1.3400000333786,1.05999994277954,4.5,0,71,20,195,822,3784,405,429,NA
"844",8378563200,7875,6.23999977111816,1.55999994277954,0.490000009536743,4.19999980926514,0,19,10,167,680,3110,441,477,NA
"845",8378563200,8567,6.78999996185303,0.889999985694885,0.159999996423721,5.73999977111816,0,66,3,214,764,3783,381,417,NA
"846",8378563200,7045,5.59000015258789,1.54999995231628,0.25,3.77999997138977,0,74,5,166,831,3644,323,355,NA
"847",8378563200,4468,3.53999996185303,0,0,3.53999996185303,0,0,0,158,851,2799,459,513,NA
"848",8378563200,2943,2.32999992370605,0,0,2.32999992370605,0,0,0,139,621,2685,545,606,NA
"849",8378563200,8382,6.65000009536743,1.26999998092651,0.660000026226044,4.71999979019165,0,71,13,171,772,3721,359,399,NA
"850",8583815059,5014,3.91000008583069,0,0.330000013113022,3.57999992370605,0,0,7,196,1237,2650,NA,NA,NA
"851",8583815059,5571,4.34999990463257,0.150000005960464,0.970000028610229,3.23000001907349,0,2,23,163,1252,2654,NA,NA,NA
"852",8583815059,3135,2.45000004768372,0,0,2.4300000667572,0,0,0,134,1306,2443,NA,NA,NA
"853",8583815059,3430,2.6800000667572,0,0,0.899999976158142,0,0,0,65,1375,2505,NA,NA,NA
"854",8583815059,5319,4.15000009536743,0,0,0,0,0,0,0,1440,2693,NA,NA,NA
"855",8583815059,3008,2.34999990463257,0,0,0,0,0,0,0,1440,2439,NA,NA,NA
"856",8583815059,3864,3.00999999046326,0.310000002384186,1.05999994277954,1.35000002384186,0,4,22,105,1309,2536,NA,NA,NA
"857",8583815059,5697,4.44000005722046,0.529999971389771,0.479999989271164,3.44000005722046,0,7,10,166,1257,2668,NA,NA,NA
"858",8583815059,5273,4.1100001335144,0,1.03999996185303,3.0699999332428,0,0,27,167,1246,2647,NA,NA,NA
"859",8583815059,8538,6.65999984741211,2.63000011444092,1.01999998092651,3.00999999046326,0,35,18,158,1229,2883,NA,NA,NA
"860",8583815059,8687,6.78000020980835,0.28999999165535,2.41000008583069,4.07999992370605,0,4,54,212,1170,2944,NA,NA,NA
"861",8583815059,9423,7.34999990463257,0.529999971389771,2.02999997138977,4.75,0,7,44,238,1151,3012,NA,NA,NA
"862",8583815059,8286,6.46000003814697,0.150000005960464,2.04999995231628,4.26999998092651,0,2,44,206,1188,2889,NA,NA,NA
"863",8583815059,4503,3.50999999046326,1.47000002861023,0.239999994635582,1.80999994277954,0,18,6,122,1294,2547,NA,NA,NA
"864",8583815059,10499,8.1899995803833,0.0700000002980232,4.21999979019165,3.89000010490417,0,1,91,214,1134,3093,NA,NA,NA
"865",8583815059,12474,9.72999954223633,6.59999990463257,0.270000010728836,2.86999988555908,0,77,5,129,1229,3142,NA,NA,NA
"866",8583815059,6174,4.82000017166138,0,1.20000004768372,3.60999989509583,0,0,28,203,1209,2757,NA,NA,NA
"867",8583815059,15168,11.8299999237061,3.90000009536743,3,4.92000007629395,0,46,67,258,1069,3513,NA,NA,NA
"868",8583815059,10085,7.86999988555908,0.150000005960464,1.27999997138977,6.42999982833862,0,2,28,317,1093,3164,NA,NA,NA
"869",8583815059,4512,3.51999998092651,0.779999971389771,0.119999997317791,2.03999996185303,0,10,2,117,1311,2596,NA,NA,NA
"870",8583815059,8240,6.42999982833862,0.689999997615814,2.00999999046326,3.72000002861023,0,9,43,162,1226,2846,NA,NA,NA
"871",8583815059,8701,6.78999996185303,0.370000004768372,3.24000000953674,3.17000007629395,0,5,71,177,1106,2804,NA,NA,NA
"873",8583815059,8469,6.6100001335144,0,0,0,0,0,0,0,1440,2894,NA,NA,NA
"874",8583815059,12015,9.36999988555908,0,0,0,0,0,0,0,1440,3212,NA,NA,NA
"875",8583815059,3588,2.79999995231628,0,0,0,0,0,0,0,1440,2516,NA,NA,NA
"876",8583815059,12427,9.6899995803833,0,0,1.17999994754791,0,0,0,70,1370,3266,NA,NA,NA
"877",8583815059,5843,4.55999994277954,0.140000000596046,1.19000005722046,3.23000001907349,0,2,22,166,1250,2683,NA,NA,NA
"878",8583815059,6117,4.76999998092651,0,0,4.76999998092651,0,0,0,250,1190,2810,NA,NA,NA
"879",8583815059,9217,7.19000005722046,0.219999998807907,3.30999994277954,3.66000008583069,0,3,72,182,1183,2940,NA,NA,NA
"880",8583815059,9877,7.69999980926514,5.76000022888184,0.170000001788139,1.73000001907349,0,66,4,110,1260,2947,NA,NA,NA
"881",8792009665,2564,1.63999998569489,0,0,1.63999998569489,0,0,0,116,831,2044,458,493,NA
"882",8792009665,1320,0.839999973773956,0,0,0.839999973773956,0,0,0,82,806,1934,531,552,NA
"883",8792009665,1219,0.779999971389771,0,0,0.779999971389771,0,0,0,84,853,1963,486,503,NA
"884",8792009665,2483,1.5900000333786,0,0,1.5900000333786,0,0,0,126,937,2009,363,377,NA
"885",8792009665,244,0.159999996423721,0,0,0.159999996423721,0,0,0,12,1428,1721,NA,NA,NA
"889",8792009665,3147,2.00999999046326,0,0.280000001192093,1.74000000953674,0,0,10,139,744,2188,528,547,NA
"890",8792009665,144,0.0900000035762787,0,0,0.0900000035762787,0,0,0,9,1431,1720,NA,NA,NA
"891",8792009665,4068,2.59999990463257,0.0500000007450581,0.280000001192093,2.26999998092651,0,1,20,195,817,2419,391,407,NA
"892",8792009665,5245,3.35999989509583,0.159999996423721,0.439999997615814,2.75,0,8,45,232,795,2748,339,360,NA
"893",8792009665,400,0.259999990463257,0.0399999991059303,0.0500000007450581,0.159999996423721,0,3,8,19,1410,1799,NA,NA,NA
"895",8792009665,1321,0.850000023841858,0,0,0.850000023841858,0,0,0,80,1360,1928,NA,NA,NA
"896",8792009665,1758,1.12999999523163,0,0,1.12999999523163,0,0,0,112,900,2067,423,428,NA
"897",8792009665,6157,3.94000005722046,0,0,3.94000005722046,0,0,0,310,714,2780,402,416,NA
"898",8792009665,8360,5.34999990463257,0.140000000596046,0.280000001192093,4.92999982833862,0,6,14,380,634,3101,398,406,NA
"899",8792009665,7174,4.59000015258789,0.330000013113022,0.360000014305115,3.91000008583069,0,10,20,301,749,2896,343,360,NA
"900",8792009665,1619,1.03999996185303,0,0,1.03999996185303,0,0,0,79,834,1962,503,527,NA
"902",8792009665,1831,1.16999995708466,0,0,1.16999995708466,0,0,0,101,916,2015,415,423,NA
"903",8792009665,2421,1.54999995231628,0,0,1.54999995231628,0,0,0,156,739,2297,516,545,NA
"904",8792009665,2283,1.46000003814697,0,0,1.46000003814697,0,0,0,129,848,2067,439,463,NA
"910",8877689391,23186,20.3999996185303,12.2200002670288,0.340000003576279,7.82000017166138,0,85,7,312,1036,3921,NA,NA,189.156627682704
"911",8877689391,15337,9.57999992370605,3.54999995231628,0.379999995231628,5.6399998664856,0,108,18,216,1098,3566,NA,NA,187.172463959052
"912",8877689391,21129,18.9799995422363,10.5500001907349,0.589999973773956,7.75,0.0199999995529652,68,13,298,1061,3793,NA,NA,186.290611546325
"913",8877689391,13422,7.17000007629395,0.0500000007450581,0.0500000007450581,7.01000022888184,0.00999999977648258,106,1,281,1052,3934,NA,NA,NA
"914",8877689391,29326,25.2900009155273,13.2399997711182,1.21000003814697,10.710000038147,0,94,29,429,888,4547,NA,NA,188.495234168175
"915",8877689391,15118,8.86999988555908,0,0.0700000002980232,8.78999996185303,0,58,15,307,1060,3545,NA,NA,NA
"916",8877689391,11423,8.67000007629395,2.44000005722046,0.270000010728836,5.94000005722046,0,29,5,191,1215,2761,NA,NA,189.156627682704
"917",8877689391,18785,17.3999996185303,12.1499996185303,0.180000007152557,5.03000020980835,0,82,13,214,1131,3676,NA,NA,188.054316371779
"918",8877689391,19948,18.1100006103516,11.0200004577637,0.689999997615814,6.34000015258789,0,73,19,225,1123,3679,NA,NA,187.172463959052
"919",8877689391,19377,17.6200008392334,12.289999961853,0.419999986886978,4.8899998664856,0,82,13,226,1119,3659,NA,NA,186.290611546325
"920",8877689391,18258,16.3099994659424,10.2299995422363,0.0299999993294477,5.96999979019165,0.0500000007450581,61,2,236,1141,3427,NA,NA,NA
"921",8877689391,11200,7.42999982833862,0,0,7.40000009536743,0.00999999977648258,102,6,300,1032,3891,NA,NA,188.495234168175
"922",8877689391,16674,15.7399997711182,11.0100002288818,0.00999999977648258,4.69000005722046,0,64,1,227,1148,3455,NA,NA,188.495234168175
"923",8877689391,12986,8.73999977111816,2.36999988555908,0.0700000002980232,6.26999998092651,0.00999999977648258,113,8,218,1101,3802,NA,NA,188.274775269977
"924",8877689391,11101,8.43000030517578,1.75999999046326,0.129999995231628,6.5,0,22,3,258,1157,2860,NA,NA,187.613381755448
"925",8877689391,23629,20.6499996185303,13.0699996948242,0.439999997615814,7.09999990463257,0,93,8,235,1104,3808,NA,NA,188.274775269977
"926",8877689391,14890,11.3000001907349,4.92999982833862,0.379999995231628,5.96999979019165,0,58,8,231,1143,3060,NA,NA,187.613381755448
"927",8877689391,9733,7.3899998664856,1.37999999523163,0.170000001788139,5.78999996185303,0,18,5,210,1207,2698,NA,NA,187.172463959052
"928",8877689391,27745,26.7199993133545,21.6599998474121,0.0799999982118607,4.92999982833862,0,124,4,223,1089,4398,NA,NA,188.495234168175
"929",8877689391,10930,8.31999969482422,3.13000011444092,0.569999992847443,4.57000017166138,0,36,12,166,1226,2786,NA,NA,188.054316371779
"930",8877689391,10733,8.14999961853027,1.35000002384186,0.46000000834465,6.28000020980835,0,18,11,224,1187,2832,NA,NA,NA
"931",8877689391,21420,19.5599994659424,13.2200002670288,0.409999996423721,5.8899998664856,0,88,12,213,1127,3832,NA,NA,188.274775269977
"932",8877689391,8064,6.11999988555908,1.82000005245209,0.0399999991059303,4.25,0,23,1,137,770,1849,NA,NA,185.1883002354
"933",8877689391,4790,3.64000010490417,0,0,3.55999994277954,0,0,0,105,1335,2189,NA,NA,NA
"934",8877689391,10818,8.21000003814697,1.38999998569489,0.100000001490116,6.67000007629395,0.00999999977648258,19,3,229,1189,2817,NA,NA,187.172463959052
"935",8877689391,18193,16.2999992370605,10.4200000762939,0.310000002384186,5.53000020980835,0,66,8,212,1154,3477,NA,NA,186.070152648127
"936",8877689391,14055,10.6700000762939,5.46000003814697,0.819999992847443,4.36999988555908,0,67,15,188,1170,3052,NA,NA,NA
"937",8877689391,21727,19.3400001525879,12.789999961853,0.28999999165535,6.15999984741211,0,96,17,232,1095,4015,NA,NA,187.39292285725
"938",8877689391,12332,8.13000011444092,0.0799999982118607,0.959999978542328,6.98999977111816,0,105,28,271,1036,4142,NA,NA,NA
"939",8877689391,10686,8.10999965667725,1.08000004291534,0.200000002980232,6.80000019073486,0,17,4,245,1174,2847,NA,NA,188.274775269977
"940",8877689391,20226,18.25,11.1000003814697,0.800000011920929,6.23999977111816,0.0500000007450581,73,19,217,1131,3710,NA,NA,188.495234168175
